OBJECTID;INPUT_FID;NEAR_FID;DISTANCE;DIST_KM;Kabupaten_;Kabupaten1;FID_;Kabupate_1
1;1;23;301324,93190900000;301,32493190900;1;Asahan;23;Nias Selatan
2;1;20;225539,85538700000;225,53985538700;1;Asahan;20;Mandailing Natal
3;1;22;302207,53180400000;302,20753180400;1;Asahan;22;Nias Barat
4;1;21;280651,92016200000;280,65192016200;1;Asahan;21;Nias
5;1;25;186586,94845200000;186,58694845200;1;Asahan;25;Padang Lawas
6;1;24;296012,24386900000;296,01224386900;1;Asahan;24;Nias Utara
7;1;9;278162,28684300000;278,16228684300;1;Asahan;9;Kota Gunungsitoli
8;1;31;162788,63182300000;162,78863182300;1;Asahan;31;Tapanuli Selatan
9;1;11;158928,25073600000;158,92825073600;1;Asahan;11;Kota Padangsidimpuan
10;1;26;135649,62625300000;135,64962625300;1;Asahan;26;Padang Lawas Utara
11;1;13;146033,10129100000;146,03310129100;1;Asahan;13;Kota Sibolga
12;1;17;123861,79780500000;123,86179780500;1;Asahan;17;Labuhan Batu Selatan
13;1;32;142772,16067500000;142,77216067500;1;Asahan;32;Tapanuli Tengah
14;1;33;105746,93687000000;105,74693687000;1;Asahan;33;Tapanuli Utara
15;1;6;125306,57081700000;125,30657081700;1;Asahan;6;Humbang Hasundutan
16;1;16;79714,21775020000;79,71421775020;1;Asahan;16;Labuhan Batu
17;1;4;75687,25500070000;75,68725500070;1;Asahan;4;Danau Toba
18;1;34;57793,59006740000;57,79359006740;1;Asahan;34;Toba Samosir
19;1;18;48539,43141930000;48,53943141930;1;Asahan;18;Labuhan Batu Utara
20;1;27;149971,99535500000;149,97199535500;1;Asahan;27;Pakpak Bharat
21;1;28;86750,22905130000;86,75022905130;1;Asahan;28;Samosir
22;1;30;57635,91597850000;57,63591597850;1;Asahan;30;Simalungun
23;1;3;144464,26452300000;144,46426452300;1;Asahan;3;Dairi
24;1;12;59033,25627780000;59,03325627780;1;Asahan;12;Kota Pematang Siantar
25;1;14;30901,49740460000;30,90149740460;1;Asahan;14;Kota Tanjung Balai
26;1;7;145434,66629800000;145,43466629800;1;Asahan;7;Karo
27;1;2;48463,61610530000;48,46361610530;1;Asahan;2;Batu Bara
28;1;29;85466,57253840000;85,46657253840;1;Asahan;29;Serdang Bedagai
29;1;15;73683,51132240000;73,68351132240;1;Asahan;15;Kota Tebing Tinggi
30;1;5;113243,46402300000;113,24346402300;1;Asahan;5;Deli Serdang
31;1;8;148492,70022500000;148,49270022500;1;Asahan;8;Kota Binjai
32;1;10;132371,60648800000;132,37160648800;1;Asahan;10;Kota Medan
33;1;19;179892,27157800000;179,89227157800;1;Asahan;19;Langkat
34;2;23;332027,84663700000;332,02784663700;2;Batu Bara;23;Nias Selatan
35;2;20;272182,22658300000;272,18222658300;2;Batu Bara;20;Mandailing Natal
36;2;22;328165,82108800000;328,16582108800;2;Batu Bara;22;Nias Barat
37;2;21;308705,48584400000;308,70548584400;2;Batu Bara;21;Nias
38;2;25;235020,95772600000;235,02095772600;2;Batu Bara;25;Padang Lawas
39;2;24;317408,08124000000;317,40808124000;2;Batu Bara;24;Nias Utara
40;2;9;300795,51989700000;300,79551989700;2;Batu Bara;9;Kota Gunungsitoli
41;2;31;207090,07459900000;207,09007459900;2;Batu Bara;31;Tapanuli Selatan
42;2;11;204337,55519500000;204,33755519500;2;Batu Bara;11;Kota Padangsidimpuan
43;2;26;184070,58424900000;184,07058424900;2;Batu Bara;26;Padang Lawas Utara
44;2;13;181987,71764100000;181,98771764100;2;Batu Bara;13;Kota Sibolga
45;2;17;170484,85749900000;170,48485749900;2;Batu Bara;17;Labuhan Batu Selatan
46;2;32;171664,00607100000;171,66400607100;2;Batu Bara;32;Tapanuli Tengah
47;2;33;144904,10760800000;144,90410760800;2;Batu Bara;33;Tapanuli Utara
48;2;6;146512,22362400000;146,51222362400;2;Batu Bara;6;Humbang Hasundutan
49;2;16;123705,36292900000;123,70536292900;2;Batu Bara;16;Labuhan Batu
50;2;4;103570,58876300000;103,57058876300;2;Batu Bara;4;Danau Toba
51;2;34;97392,84511210000;97,39284511210;2;Batu Bara;34;Toba Samosir
52;2;18;96310,64603000000;96,31064603000;2;Batu Bara;18;Labuhan Batu Utara
53;2;27;156686,37007900000;156,68637007900;2;Batu Bara;27;Pakpak Bharat
54;2;28;102749,76862700000;102,74976862700;2;Batu Bara;28;Samosir
55;2;30;70128,97356920000;70,12897356920;2;Batu Bara;30;Simalungun
56;2;1;48463,61610530000;48,46361610530;2;Batu Bara;1;Asahan
57;2;3;141253,18267300000;141,25318267300;2;Batu Bara;3;Dairi
58;2;12;55367,50621390000;55,36750621390;2;Batu Bara;12;Kota Pematang Siantar
59;2;14;46196,50817060000;46,19650817060;2;Batu Bara;14;Kota Tanjung Balai
60;2;7;131878,17553300000;131,87817553300;2;Batu Bara;7;Karo
61;2;29;51489,32148820000;51,48932148820;2;Batu Bara;29;Serdang Bedagai
62;2;15;37238,95203640000;37,23895203640;2;Batu Bara;15;Kota Tebing Tinggi
63;2;5;78375,16916650000;78,37516916650;2;Batu Bara;5;Deli Serdang
64;2;8;117025,11659700000;117,02511659700;2;Batu Bara;8;Kota Binjai
65;2;10;98138,97073350000;98,13897073350;2;Batu Bara;10;Kota Medan
66;2;19;149203,38106200000;149,20338106200;2;Batu Bara;19;Langkat
67;3;23;234341,45876000000;234,34145876000;3;Dairi;23;Nias Selatan
68;3;20;259517,29848900000;259,51729848900;3;Dairi;20;Mandailing Natal
69;3;22;217680,74467700000;217,68074467700;3;Dairi;22;Nias Barat
70;3;21;205464,42594900000;205,46442594900;3;Dairi;21;Nias
71;3;25;257281,29264200000;257,28129264200;3;Dairi;25;Padang Lawas
72;3;24;197249,08119400000;197,24908119400;3;Dairi;24;Nias Utara
73;3;9;184546,08135900000;184,54608135900;3;Dairi;9;Kota Gunungsitoli
74;3;31;190380,70414400000;190,38070414400;3;Dairi;31;Tapanuli Selatan
75;3;11;195688,93305600000;195,68893305600;3;Dairi;11;Kota Padangsidimpuan
76;3;26;215730,34778600000;215,73034778600;3;Dairi;26;Padang Lawas Utara
77;3;13;134923,00915300000;134,92300915300;3;Dairi;13;Kota Sibolga
78;3;17;235061,30065700000;235,06130065700;3;Dairi;17;Labuhan Batu Selatan
79;3;32;104388,71809200000;104,38871809200;3;Dairi;32;Tapanuli Tengah
80;3;33;129953,04497600000;129,95304497600;3;Dairi;33;Tapanuli Utara
81;3;6;71840,60318220000;71,84060318220;3;Dairi;6;Humbang Hasundutan
82;3;16;208466,45362100000;208,46645362100;3;Dairi;16;Labuhan Batu
83;3;4;92796,34608760000;92,79634608760;3;Dairi;4;Danau Toba
84;3;34;122107,60813500000;122,10760813500;3;Dairi;34;Toba Samosir
85;3;18;172145,47478500000;172,14547478500;3;Dairi;18;Labuhan Batu Utara
86;3;27;32133,38270680000;32,13338270680;3;Dairi;27;Pakpak Bharat
87;3;28;67660,38681060000;67,66038681060;3;Dairi;28;Samosir
88;3;30;87309,02584220000;87,30902584220;3;Dairi;30;Simalungun
89;3;1;144464,26452300000;144,46426452300;3;Dairi;1;Asahan
90;3;12;88962,10152270000;88,96210152270;3;Dairi;12;Kota Pematang Siantar
91;3;14;170307,10012900000;170,30710012900;3;Dairi;14;Kota Tanjung Balai
92;3;7;30792,18762310000;30,79218762310;3;Dairi;7;Karo
93;3;2;141253,18267300000;141,25318267300;3;Dairi;2;Batu Bara
94;3;29;102344,07002300000;102,34407002300;3;Dairi;29;Serdang Bedagai
95;3;15;112321,89773200000;112,32189773200;3;Dairi;15;Kota Tebing Tinggi
96;3;5;96579,96748610000;96,57996748610;3;Dairi;5;Deli Serdang
97;3;8;87100,12401380000;87,10012401380;3;Dairi;8;Kota Binjai
98;3;10;94143,38980590000;94,14338980590;3;Dairi;10;Kota Medan
99;3;19;95837,55154290000;95,83755154290;3;Dairi;19;Langkat
100;4;23;228903,75757300000;228,90375757300;4;Danau Toba;23;Nias Selatan
101;4;20;187970,60219300000;187,97060219300;4;Danau Toba;20;Mandailing Natal
102;4;22;227362,45176800000;227,36245176800;4;Danau Toba;22;Nias Barat
103;4;21;206614,40206000000;206,61440206000;4;Danau Toba;21;Nias
104;4;25;171222,14122000000;171,22214122000;4;Danau Toba;25;Padang Lawas
105;4;24;220337,20211100000;220,33720211100;4;Danau Toba;24;Nias Utara
106;4;9;202561,53669500000;202,56153669500;4;Danau Toba;9;Kota Gunungsitoli
107;4;31;117548,80282900000;117,54880282900;4;Danau Toba;31;Tapanuli Selatan
108;4;11;118866,95740300000;118,86695740300;4;Danau Toba;11;Kota Padangsidimpuan
109;4;26;125644,02370000000;125,64402370000;4;Danau Toba;26;Padang Lawas Utara
110;4;13;79835,28385010000;79,83528385010;4;Danau Toba;13;Kota Sibolga
111;4;17;142295,28873700000;142,29528873700;4;Danau Toba;17;Labuhan Batu Selatan
112;4;32;68617,60067620000;68,61760067620;4;Danau Toba;32;Tapanuli Tengah
113;4;33;49726,98331930000;49,72698331930;4;Danau Toba;33;Tapanuli Utara
114;4;6;50296,25077220000;50,29625077220;4;Danau Toba;6;Humbang Hasundutan
115;4;16;119209,08723000000;119,20908723000;4;Danau Toba;16;Labuhan Batu
116;4;34;30473,97489550000;30,47397489550;4;Danau Toba;34;Toba Samosir
117;4;18;84434,08644340000;84,43408644340;4;Danau Toba;18;Labuhan Batu Utara
118;4;27;84959,96821870000;84,95996821870;4;Danau Toba;27;Pakpak Bharat
119;4;28;25766,41128120000;25,76641128120;4;Danau Toba;28;Samosir
120;4;30;37594,98584880000;37,59498584880;4;Danau Toba;30;Simalungun
121;4;1;75687,25500070000;75,68725500070;4;Danau Toba;1;Asahan
122;4;3;92796,34608760000;92,79634608760;4;Danau Toba;3;Dairi
123;4;12;59007,23870210000;59,00723870210;4;Danau Toba;12;Kota Pematang Siantar
124;4;14;106577,78874000000;106,57778874000;4;Danau Toba;14;Kota Tanjung Balai
125;4;7;108734,85718600000;108,73485718600;4;Danau Toba;7;Karo
126;4;2;103570,58876300000;103,57058876300;4;Danau Toba;2;Batu Bara
127;4;29;102644,62522900000;102,64462522900;4;Danau Toba;29;Serdang Bedagai
128;4;15;100603,02375300000;100,60302375300;4;Danau Toba;15;Kota Tebing Tinggi
129;4;5;120659,31025400000;120,65931025400;4;Danau Toba;5;Deli Serdang
130;4;8;140724,53732500000;140,72453732500;4;Danau Toba;8;Kota Binjai
131;4;10;133295,68091200000;133,29568091200;4;Danau Toba;10;Kota Medan
132;4;19;165319,19855400000;165,31919855400;4;Danau Toba;19;Langkat
133;5;23;324086,50842700000;324,08650842700;5;Deli Serdang;23;Nias Selatan
134;5;20;308454,68213200000;308,45468213200;5;Deli Serdang;20;Mandailing Natal
135;5;22;311329,64773900000;311,32964773900;5;Deli Serdang;22;Nias Barat
136;5;21;296688,24277100000;296,68824277100;5;Deli Serdang;21;Nias
137;5;25;285370,12855600000;285,37012855600;5;Deli Serdang;25;Padang Lawas
138;5;24;292983,40465300000;292,98340465300;5;Deli Serdang;24;Nias Utara
139;5;9;279340,16106900000;279,34016106900;5;Deli Serdang;9;Kota Gunungsitoli
140;5;31;238196,87476700000;238,19687476700;5;Deli Serdang;31;Tapanuli Selatan
141;5;11;239122,78032500000;239,12278032500;5;Deli Serdang;11;Kota Padangsidimpuan
142;5;26;235831,75876200000;235,83175876200;5;Deli Serdang;26;Padang Lawas Utara
143;5;13;195709,88467400000;195,70988467400;5;Deli Serdang;13;Kota Sibolga
144;5;17;234806,14319900000;234,80614319900;5;Deli Serdang;17;Labuhan Batu Selatan
145;5;32;173489,66644700000;173,48966644700;5;Deli Serdang;32;Tapanuli Tengah
146;5;33;170382,96964100000;170,38296964100;5;Deli Serdang;33;Tapanuli Utara
147;5;6;140030,01560900000;140,03001560900;5;Deli Serdang;6;Humbang Hasundutan
148;5;16;192879,32055800000;192,87932055800;5;Deli Serdang;16;Labuhan Batu
149;5;4;120659,31025400000;120,65931025400;5;Deli Serdang;4;Danau Toba
150;5;34;134130,12031300000;134,13012031300;5;Deli Serdang;34;Toba Samosir
151;5;18;159521,99527000000;159,52199527000;5;Deli Serdang;18;Labuhan Batu Utara
152;5;27;124309,26248900000;124,30926248900;5;Deli Serdang;27;Pakpak Bharat
153;5;28;102617,36230900000;102,61736230900;5;Deli Serdang;28;Samosir
154;5;30;85708,70711870000;85,70870711870;5;Deli Serdang;30;Simalungun
155;5;1;113243,46402300000;113,24346402300;5;Deli Serdang;1;Asahan
156;5;3;96579,96748610000;96,57996748610;5;Deli Serdang;3;Dairi
157;5;12;65844,50845500000;65,84450845500;5;Deli Serdang;12;Kota Pematang Siantar
158;5;14;123262,73756100000;123,26273756100;5;Deli Serdang;14;Kota Tanjung Balai
159;5;7;73191,42171390000;73,19142171390;5;Deli Serdang;7;Karo
160;5;2;78375,16916650000;78,37516916650;5;Deli Serdang;2;Batu Bara
161;5;29;28066,97306010000;28,06697306010;5;Deli Serdang;29;Serdang Bedagai
162;5;15;41630,48424630000;41,63048424630;5;Deli Serdang;15;Kota Tebing Tinggi
163;5;8;38932,19219160000;38,93219219160;5;Deli Serdang;8;Kota Binjai
164;5;10;19807,84441520000;19,80784441520;5;Deli Serdang;10;Kota Medan
165;5;19;70968,75764580000;70,96875764580;5;Deli Serdang;19;Langkat
166;6;23;187917,85828000000;187,91785828000;6;Humbang Hasundutan;23;Nias Selatan
167;6;20;187676,71179500000;187,67671179500;6;Humbang Hasundutan;20;Mandailing Natal
168;6;22;181711,17879400000;181,71117879400;6;Humbang Hasundutan;22;Nias Barat
169;6;21;162971,94509500000;162,97194509500;6;Humbang Hasundutan;21;Nias
170;6;25;188724,91325000000;188,72491325000;6;Humbang Hasundutan;25;Padang Lawas
171;6;24;171787,18893900000;171,78718893900;6;Humbang Hasundutan;24;Nias Utara
172;6;9;154632,27553800000;154,63227553800;6;Humbang Hasundutan;9;Kota Gunungsitoli
173;6;31;118817,33677100000;118,81733677100;6;Humbang Hasundutan;31;Tapanuli Selatan
174;6;11;124692,38037100000;124,69238037100;6;Humbang Hasundutan;11;Kota Padangsidimpuan
175;6;26;151526,33896900000;151,52633896900;6;Humbang Hasundutan;26;Padang Lawas Utara
176;6;13;63260,41294780000;63,26041294780;6;Humbang Hasundutan;13;Kota Sibolga
177;6;17;179731,45686700000;179,73145686700;6;Humbang Hasundutan;17;Labuhan Batu Selatan
178;6;32;34548,13423830000;34,54813423830;6;Humbang Hasundutan;32;Tapanuli Tengah
179;6;33;63492,06993330000;63,49206993330;6;Humbang Hasundutan;33;Tapanuli Utara
180;6;16;165001,73816900000;165,00173816900;6;Humbang Hasundutan;16;Labuhan Batu
181;6;4;50296,25077220000;50,29625077220;6;Humbang Hasundutan;4;Danau Toba
182;6;34;77853,93384170000;77,85393384170;6;Humbang Hasundutan;34;Toba Samosir
183;6;18;132284,38644300000;132,28438644300;6;Humbang Hasundutan;18;Labuhan Batu Utara
184;6;27;48402,34670970000;48,40234670970;6;Humbang Hasundutan;27;Pakpak Bharat
185;6;28;44001,29668390000;44,00129668390;6;Humbang Hasundutan;28;Samosir
186;6;30;76391,52566840000;76,39152566840;6;Humbang Hasundutan;30;Simalungun
187;6;1;125306,57081700000;125,30657081700;6;Humbang Hasundutan;1;Asahan
188;6;3;71840,60318220000;71,84060318220;6;Humbang Hasundutan;3;Dairi
189;6;12;93667,65878760000;93,66765878760;6;Humbang Hasundutan;12;Kota Pematang Siantar
190;6;14;156041,14295700000;156,04114295700;6;Humbang Hasundutan;14;Kota Tanjung Balai
191;6;7;98848,18390270000;98,84818390270;6;Humbang Hasundutan;7;Karo
192;6;2;146512,22362400000;146,51222362400;6;Humbang Hasundutan;2;Batu Bara
193;6;29;130818,65798800000;130,81865798800;6;Humbang Hasundutan;29;Serdang Bedagai
194;6;15;133675,83772100000;133,67583772100;6;Humbang Hasundutan;15;Kota Tebing Tinggi
195;6;5;140030,01560900000;140,03001560900;6;Humbang Hasundutan;5;Deli Serdang
196;6;8;147172,03398900000;147,17203398900;6;Humbang Hasundutan;8;Kota Binjai
197;6;10;146582,76393500000;146,58276393500;6;Humbang Hasundutan;10;Kota Medan
198;6;19;163765,55807300000;163,76555807300;6;Humbang Hasundutan;19;Langkat
199;7;23;264833,80290500000;264,83380290500;7;Karo;23;Nias Selatan
200;7;20;285516,85469900000;285,51685469900;7;Karo;20;Mandailing Natal
201;7;22;247260,10454500000;247,26010454500;7;Karo;22;Nias Barat
202;7;21;235762,60097500000;235,76260097500;7;Karo;21;Nias
203;7;25;278470,43883600000;278,47043883600;7;Karo;25;Padang Lawas
204;7;24;225541,85624900000;225,54185624900;7;Karo;24;Nias Utara
205;7;9;213644,58279300000;213,64458279300;7;Karo;9;Kota Gunungsitoli
206;7;31;215446,55667100000;215,44655667100;7;Karo;31;Tapanuli Selatan
207;7;11;219812,45151200000;219,81245151200;7;Karo;11;Kota Padangsidimpuan
208;7;26;234287,53879700000;234,28753879700;7;Karo;26;Padang Lawas Utara
209;7;13;162006,25131100000;162,00625131100;7;Karo;13;Kota Sibolga
210;7;17;248336,91327200000;248,33691327200;7;Karo;17;Labuhan Batu Selatan
211;7;32;132664,40762400000;132,66440762400;7;Karo;32;Tapanuli Tengah
212;7;33;151819,22369800000;151,81922369800;7;Karo;33;Tapanuli Utara
213;7;6;98848,18390270000;98,84818390270;7;Karo;6;Humbang Hasundutan
214;7;16;216685,83102200000;216,68583102200;7;Karo;16;Labuhan Batu
215;7;4;108734,85718600000;108,73485718600;7;Karo;4;Danau Toba
216;7;34;135232,96489100000;135,23296489100;7;Karo;34;Toba Samosir
217;7;18;180179,08950400000;180,17908950400;7;Karo;18;Labuhan Batu Utara
218;7;27;62924,52564490000;62,92452564490;7;Karo;27;Pakpak Bharat
219;7;28;83061,57746450000;83,06157746450;7;Karo;28;Samosir
220;7;30;92321,88045340000;92,32188045340;7;Karo;30;Simalungun
221;7;1;145434,66629800000;145,43466629800;7;Karo;1;Asahan
222;7;3;30792,18762310000;30,79218762310;7;Karo;3;Dairi
223;7;12;86561,50344630000;86,56150344630;7;Karo;12;Kota Pematang Siantar
224;7;14;167460,66418700000;167,46066418700;7;Karo;14;Kota Tanjung Balai
225;7;2;131878,17553300000;131,87817553300;7;Karo;2;Batu Bara
226;7;29;85898,77799020000;85,89877799020;7;Karo;29;Serdang Bedagai
227;7;15;98231,95757080000;98,23195757080;7;Karo;15;Kota Tebing Tinggi
228;7;5;73191,42171390000;73,19142171390;7;Karo;5;Deli Serdang
229;7;8;57092,37806330000;57,09237806330;7;Karo;8;Kota Binjai
230;7;10;66707,44548130000;66,70744548130;7;Karo;10;Kota Medan
231;7;19;65610,99637580000;65,61099637580;7;Karo;19;Langkat
232;8;23;321405,22963500000;321,40522963500;8;Kota Binjai;23;Nias Selatan
233;8;20;327278,91744400000;327,27891744400;8;Kota Binjai;20;Mandailing Natal
234;8;22;304346,08989800000;304,34608989800;8;Kota Binjai;22;Nias Barat
235;8;21;292561,54919000000;292,56154919000;8;Kota Binjai;21;Nias
236;8;25;310790,24435800000;310,79024435800;8;Kota Binjai;25;Padang Lawas
237;8;24;282417,77470600000;282,41777470600;8;Kota Binjai;24;Nias Utara
238;8;9;270718,75208300000;270,71875208300;8;Kota Binjai;9;Kota Gunungsitoli
239;8;31;256471,99947200000;256,47199947200;8;Kota Binjai;31;Tapanuli Selatan
240;8;11;258954,53346400000;258,95453346400;8;Kota Binjai;11;Kota Padangsidimpuan
241;8;26;262791,53805400000;262,79153805400;8;Kota Binjai;26;Padang Lawas Utara
242;8;13;208095,01176500000;208,09501176500;8;Kota Binjai;13;Kota Sibolga
243;8;17;266792,51832700000;266,79251832700;8;Kota Binjai;17;Labuhan Batu Selatan
244;8;32;181717,66486900000;181,71766486900;8;Kota Binjai;32;Tapanuli Tengah
245;8;33;189368,93351900000;189,36893351900;8;Kota Binjai;33;Tapanuli Utara
246;8;6;147172,03398900000;147,17203398900;8;Kota Binjai;6;Humbang Hasundutan
247;8;16;227315,96820600000;227,31596820600;8;Kota Binjai;16;Labuhan Batu
248;8;4;140724,53732500000;140,72453732500;8;Kota Binjai;4;Danau Toba
249;8;34;160012,72762200000;160,01272762200;8;Kota Binjai;34;Toba Samosir
250;8;18;192624,56566800000;192,62456566800;8;Kota Binjai;18;Labuhan Batu Utara
251;8;27;118792,80551000000;118,79280551000;8;Kota Binjai;27;Pakpak Bharat
252;8;28;118177,15364800000;118,17715364800;8;Kota Binjai;28;Samosir
253;8;30;110987,96461500000;110,98796461500;8;Kota Binjai;30;Simalungun
254;8;1;148492,70022500000;148,49270022500;8;Kota Binjai;1;Asahan
255;8;3;87100,12401380000;87,10012401380;8;Kota Binjai;3;Dairi
256;8;12;94708,21690620000;94,70821690620;8;Kota Binjai;12;Kota Pematang Siantar
257;8;14;161208,83053000000;161,20883053000;8;Kota Binjai;14;Kota Tanjung Balai
258;8;7;57092,37806330000;57,09237806330;8;Kota Binjai;7;Karo
259;8;2;117025,11659700000;117,02511659700;8;Kota Binjai;2;Batu Bara
260;8;29;65815,04323380000;65,81504323380;8;Kota Binjai;29;Serdang Bedagai
261;8;15;79918,27460470000;79,91827460470;8;Kota Binjai;15;Kota Tebing Tinggi
262;8;5;38932,19219160000;38,93219219160;8;Kota Binjai;5;Deli Serdang
263;8;10;20089,63031490000;20,08963031490;8;Kota Binjai;10;Kota Medan
264;8;19;32193,85296910000;32,19385296910;8;Kota Binjai;19;Langkat
265;9;23;66312,21985720000;66,31221985720;9;Kota Gunungsitoli;23;Nias Selatan
266;9;20;214839,02387600000;214,83902387600;9;Kota Gunungsitoli;20;Mandailing Natal
267;9;22;35172,73485550000;35,17273485550;9;Kota Gunungsitoli;22;Nias Barat
268;9;21;38671,33616150000;38,67133616150;9;Kota Gunungsitoli;21;Nias
269;9;25;258998,45139400000;258,99845139400;9;Kota Gunungsitoli;25;Padang Lawas
270;9;24;19269,59976490000;19,26959976490;9;Kota Gunungsitoli;24;Nias Utara
271;9;31;183881,46625900000;183,88146625900;9;Kota Gunungsitoli;31;Tapanuli Selatan
272;9;11;195339,86895300000;195,33986895300;9;Kota Gunungsitoli;11;Kota Padangsidimpuan
273;9;26;249652,71056700000;249,65271056700;9;Kota Gunungsitoli;26;Padang Lawas Utara
274;9;13;146930,09381800000;146,93009381800;9;Kota Gunungsitoli;13;Kota Sibolga
275;9;17;294768,46170900000;294,76846170900;9;Kota Gunungsitoli;17;Labuhan Batu Selatan
276;9;32;136791,73108200000;136,79173108200;9;Kota Gunungsitoli;32;Tapanuli Tengah
277;9;33;185747,51463000000;185,74751463000;9;Kota Gunungsitoli;33;Tapanuli Utara
278;9;6;154632,27553800000;154,63227553800;9;Kota Gunungsitoli;6;Humbang Hasundutan
279;9;16;299603,09544300000;299,60309544300;9;Kota Gunungsitoli;16;Labuhan Batu
280;9;4;202561,53669500000;202,56153669500;9;Kota Gunungsitoli;4;Danau Toba
281;9;34;224372,44543300000;224,37244543300;9;Kota Gunungsitoli;34;Toba Samosir
282;9;18;274097,67123000000;274,09767123000;9;Kota Gunungsitoli;18;Labuhan Batu Utara
283;9;27;155037,65229700000;155,03765229700;9;Kota Gunungsitoli;27;Pakpak Bharat
284;9;28;198057,26380800000;198,05726380800;9;Kota Gunungsitoli;28;Samosir
285;9;30;230834,11530100000;230,83411530100;9;Kota Gunungsitoli;30;Simalungun
286;9;1;278162,28684300000;278,16228684300;9;Kota Gunungsitoli;1;Asahan
287;9;3;184546,08135900000;184,54608135900;9;Kota Gunungsitoli;3;Dairi
288;9;12;246657,16127200000;246,65716127200;9;Kota Gunungsitoli;12;Kota Pematang Siantar
289;9;14;309062,61092600000;309,06261092600;9;Kota Gunungsitoli;14;Kota Tanjung Balai
290;9;7;213644,58279300000;213,64458279300;9;Kota Gunungsitoli;7;Karo
291;9;2;300795,51989700000;300,79551989700;9;Kota Gunungsitoli;2;Batu Bara
292;9;29;278229,64696400000;278,22964696400;9;Kota Gunungsitoli;29;Serdang Bedagai
293;9;15;284008,40968300000;284,00840968300;9;Kota Gunungsitoli;15;Kota Tebing Tinggi
294;9;5;279340,16106900000;279,34016106900;9;Kota Gunungsitoli;5;Deli Serdang
295;9;8;270718,75208300000;270,71875208300;9;Kota Gunungsitoli;8;Kota Binjai
296;9;10;278659,48634800000;278,65948634800;9;Kota Gunungsitoli;10;Kota Medan
297;9;19;271985,00037400000;271,98500037400;9;Kota Gunungsitoli;19;Langkat
298;10;23;326522,13877700000;326,52213877700;10;Kota Medan;23;Nias Selatan
299;10;20;321163,71274700000;321,16371274700;10;Kota Medan;20;Mandailing Natal
300;10;22;311558,66720200000;311,55866720200;10;Kota Medan;22;Nias Barat
301;10;21;298340,64317300000;298,34064317300;10;Kota Medan;21;Nias
302;10;25;300935,91342800000;300,93591342800;10;Kota Medan;25;Padang Lawas
303;10;24;291328,10147000000;291,32810147000;10;Kota Medan;24;Nias Utara
304;10;9;278659,48634800000;278,65948634800;10;Kota Medan;9;Kota Gunungsitoli
305;10;31;250526,45349500000;250,52645349500;10;Kota Medan;31;Tapanuli Selatan
306;10;11;252162,07254700000;252,16207254700;10;Kota Medan;11;Kota Padangsidimpuan
307;10;26;251976,97872400000;251,97697872400;10;Kota Medan;26;Padang Lawas Utara
308;10;13;205149,74078700000;205,14974078700;10;Kota Medan;13;Kota Sibolga
309;10;17;252942,85655600000;252,94285655600;10;Kota Medan;17;Labuhan Batu Selatan
310;10;32;180815,82982300000;180,81582982300;10;Kota Medan;32;Tapanuli Tengah
311;10;33;182816,93128700000;182,81693128700;10;Kota Medan;33;Tapanuli Utara
312;10;6;146582,76393500000;146,58276393500;10;Kota Medan;6;Humbang Hasundutan
313;10;16;211837,60787600000;211,83760787600;10;Kota Medan;16;Labuhan Batu
314;10;4;133295,68091200000;133,29568091200;10;Kota Medan;4;Danau Toba
315;10;34;149530,13143700000;149,53013143700;10;Kota Medan;34;Toba Samosir
316;10;18;177977,78214100000;177,97778214100;10;Kota Medan;18;Labuhan Batu Utara
317;10;27;124351,84744500000;124,35184744500;10;Kota Medan;27;Pakpak Bharat
318;10;28;112890,89307900000;112,89089307900;10;Kota Medan;28;Samosir
319;10;30;100465,70252600000;100,46570252600;10;Kota Medan;30;Simalungun
320;10;1;132371,60648800000;132,37160648800;10;Kota Medan;1;Asahan
321;10;3;94143,38980590000;94,14338980590;10;Kota Medan;3;Dairi
322;10;12;82045,07748510000;82,04507748510;10;Kota Medan;12;Kota Pematang Siantar
323;10;14;143059,21506100000;143,05921506100;10;Kota Medan;14;Kota Tanjung Balai
324;10;7;66707,44548130000;66,70744548130;10;Kota Medan;7;Karo
325;10;2;98138,97073350000;98,13897073350;10;Kota Medan;2;Batu Bara
326;10;29;47726,85671050000;47,72685671050;10;Kota Medan;29;Serdang Bedagai
327;10;15;61431,76797940000;61,43176797940;10;Kota Medan;15;Kota Tebing Tinggi
328;10;5;19807,84441520000;19,80784441520;10;Kota Medan;5;Deli Serdang
329;10;8;20089,63031490000;20,08963031490;10;Kota Medan;8;Kota Binjai
330;10;19;51517,35150230000;51,51735150230;10;Kota Medan;19;Langkat
331;11;23;183943,26032400000;183,94326032400;11;Kota Padangsidimpuan;23;Nias Selatan
332;11;20;69460,45856390000;69,46045856390;11;Kota Padangsidimpuan;20;Mandailing Natal
333;11;22;202484,73330200000;202,48473330200;11;Kota Padangsidimpuan;22;Nias Barat
334;11;21;176582,43961100000;176,58243961100;11;Kota Padangsidimpuan;21;Nias
335;11;25;68760,12133550000;68,76012133550;11;Kota Padangsidimpuan;25;Padang Lawas
336;11;24;214289,13841800000;214,28913841800;11;Kota Padangsidimpuan;24;Nias Utara
337;11;9;195339,86895300000;195,33986895300;11;Kota Padangsidimpuan;9;Kota Gunungsitoli
338;11;31;11499,18496900000;11,49918496900;11;Kota Padangsidimpuan;31;Tapanuli Selatan
339;11;26;57230,38684700000;57,23038684700;11;Kota Padangsidimpuan;26;Padang Lawas Utara
340;11;13;66763,26811040000;66,76326811040;11;Kota Padangsidimpuan;13;Kota Sibolga
341;11;17;106434,54550800000;106,43454550800;11;Kota Padangsidimpuan;17;Labuhan Batu Selatan
342;11;32;98327,14180490000;98,32714180490;11;Kota Padangsidimpuan;32;Tapanuli Tengah
343;11;33;69586,07447350000;69,58607447350;11;Kota Padangsidimpuan;33;Tapanuli Utara
344;11;6;124692,38037100000;124,69238037100;11;Kota Padangsidimpuan;6;Humbang Hasundutan
345;11;16;130190,47958500000;130,19047958500;11;Kota Padangsidimpuan;16;Labuhan Batu
346;11;4;118866,95740300000;118,86695740300;11;Kota Padangsidimpuan;4;Danau Toba
347;11;34;108715,77126800000;108,71577126800;11;Kota Padangsidimpuan;34;Toba Samosir
348;11;18;123670,27543300000;123,67027543300;11;Kota Padangsidimpuan;18;Labuhan Batu Utara
349;11;27;172515,15711700000;172,51515711700;11;Kota Padangsidimpuan;27;Pakpak Bharat
350;11;28;140891,10808000000;140,89110808000;11;Kota Padangsidimpuan;28;Samosir
351;11;30;153826,87551600000;153,82687551600;11;Kota Padangsidimpuan;30;Simalungun
352;11;1;158928,25073600000;158,92825073600;11;Kota Padangsidimpuan;1;Asahan
353;11;3;195688,93305600000;195,68893305600;11;Kota Padangsidimpuan;3;Dairi
354;11;12;174873,30157400000;174,87330157400;11;Kota Padangsidimpuan;12;Kota Pematang Siantar
355;11;14;182520,29990600000;182,52029990600;11;Kota Padangsidimpuan;14;Kota Tanjung Balai
356;11;7;219812,45151200000;219,81245151200;11;Kota Padangsidimpuan;7;Karo
357;11;2;204337,55519500000;204,33755519500;11;Kota Padangsidimpuan;2;Batu Bara
358;11;29;218873,63500700000;218,87363500700;11;Kota Padangsidimpuan;29;Serdang Bedagai
359;11;15;214007,14338200000;214,00714338200;11;Kota Padangsidimpuan;15;Kota Tebing Tinggi
360;11;5;239122,78032500000;239,12278032500;11;Kota Padangsidimpuan;5;Deli Serdang
361;11;8;258954,53346400000;258,95453346400;11;Kota Padangsidimpuan;8;Kota Binjai
362;11;10;252162,07254700000;252,16207254700;11;Kota Padangsidimpuan;10;Kota Medan
363;11;19;281539,09467000000;281,53909467000;11;Kota Padangsidimpuan;19;Langkat
364;12;23;281269,50021500000;281,26950021500;12;Kota Pematang Siantar;23;Nias Selatan
365;12;20;244333,71570700000;244,33371570700;12;Kota Pematang Siantar;20;Mandailing Natal
366;12;22;275048,00037300000;275,04800037300;12;Kota Pematang Siantar;22;Nias Barat
367;12;21;256639,57740900000;256,63957740900;12;Kota Pematang Siantar;21;Nias
368;12;25;219527,72869600000;219,52772869600;12;Kota Pematang Siantar;25;Padang Lawas
369;12;24;262887,93244800000;262,88793244800;12;Kota Pematang Siantar;24;Nias Utara
370;12;9;246657,16127200000;246,65716127200;12;Kota Pematang Siantar;9;Kota Gunungsitoli
371;12;31;174858,86725700000;174,85886725700;12;Kota Pematang Siantar;31;Tapanuli Selatan
372;12;11;174873,30157400000;174,87330157400;12;Kota Pematang Siantar;11;Kota Padangsidimpuan
373;12;26;170115,98509600000;170,11598509600;12;Kota Pematang Siantar;26;Padang Lawas Utara
374;12;13;138338,19322600000;138,33819322600;12;Kota Pematang Siantar;13;Kota Sibolga
375;12;17;172116,39856600000;172,11639856600;12;Kota Pematang Siantar;17;Labuhan Batu Selatan
376;12;32;122273,95640600000;122,27395640600;12;Kota Pematang Siantar;32;Tapanuli Tengah
377;12;33;107612,37305800000;107,61237305800;12;Kota Pematang Siantar;33;Tapanuli Utara
378;12;6;93667,65878760000;93,66765878760;12;Kota Pematang Siantar;6;Humbang Hasundutan
379;12;16;134206,06603400000;134,20606603400;12;Kota Pematang Siantar;16;Labuhan Batu
380;12;4;59007,23870210000;59,00723870210;12;Kota Pematang Siantar;4;Danau Toba
381;12;34;68345,38953690000;68,34538953690;12;Kota Pematang Siantar;34;Toba Samosir
382;12;18;98602,32857350000;98,60232857350;12;Kota Pematang Siantar;18;Labuhan Batu Utara
383;12;27;101548,39151000000;101,54839151000;12;Kota Pematang Siantar;27;Pakpak Bharat
384;12;28;49786,86693450000;49,78686693450;12;Kota Pematang Siantar;28;Samosir
385;12;30;21495,39091820000;21,49539091820;12;Kota Pematang Siantar;30;Simalungun
386;12;1;59033,25627780000;59,03325627780;12;Kota Pematang Siantar;1;Asahan
387;12;3;88962,10152270000;88,96210152270;12;Kota Pematang Siantar;3;Dairi
388;12;14;81794,19996450000;81,79419996450;12;Kota Pematang Siantar;14;Kota Tanjung Balai
389;12;7;86561,50344630000;86,56150344630;12;Kota Pematang Siantar;7;Karo
390;12;2;55367,50621390000;55,36750621390;12;Kota Pematang Siantar;2;Batu Bara
391;12;29;44091,94969980000;44,09194969980;12;Kota Pematang Siantar;29;Serdang Bedagai
392;12;15;41833,28246480000;41,83328246480;12;Kota Pematang Siantar;15;Kota Tebing Tinggi
393;12;5;65844,50845500000;65,84450845500;12;Kota Pematang Siantar;5;Deli Serdang
394;12;8;94708,21690620000;94,70821690620;12;Kota Pematang Siantar;8;Kota Binjai
395;12;10;82045,07748510000;82,04507748510;12;Kota Pematang Siantar;10;Kota Medan
396;12;19;124477,16993400000;124,47716993400;12;Kota Pematang Siantar;19;Langkat
397;13;23;156850,67194900000;156,85067194900;13;Kota Sibolga;23;Nias Selatan
398;13;20;124927,71548000000;124,92771548000;13;Kota Sibolga;20;Mandailing Natal
399;13;22;163549,93272200000;163,54993272200;13;Kota Sibolga;22;Nias Barat
400;13;21;139557,17735800000;139,55717735800;13;Kota Sibolga;21;Nias
401;13;25;134952,32297700000;134,95232297700;13;Kota Sibolga;25;Padang Lawas
402;13;24;166143,99126500000;166,14399126500;13;Kota Sibolga;24;Nias Utara
403;13;9;146930,09381800000;146,93009381800;13;Kota Sibolga;9;Kota Gunungsitoli
404;13;31;58566,97642520000;58,56697642520;13;Kota Sibolga;31;Tapanuli Selatan
405;13;11;66763,26811040000;66,76326811040;13;Kota Sibolga;11;Kota Padangsidimpuan
406;13;26;108991,98255500000;108,99198255500;13;Kota Sibolga;26;Padang Lawas Utara
407;13;17;149721,03900200000;149,72103900200;13;Kota Sibolga;17;Labuhan Batu Selatan
408;13;32;32182,46426530000;32,18246426530;13;Kota Sibolga;32;Tapanuli Tengah
409;13;33;41661,17640090000;41,66117640090;13;Kota Sibolga;33;Tapanuli Utara
410;13;6;63260,41294780000;63,26041294780;13;Kota Sibolga;6;Humbang Hasundutan
411;13;16;153054,38131000000;153,05438131000;13;Kota Sibolga;16;Labuhan Batu
412;13;4;79835,28385010000;79,83528385010;13;Kota Sibolga;4;Danau Toba
413;13;34;88249,05496320000;88,24905496320;13;Kota Sibolga;34;Toba Samosir
414;13;18;130352,05120400000;130,35205120400;13;Kota Sibolga;18;Labuhan Batu Utara
415;13;27;108547,66005800000;108,54766005800;13;Kota Sibolga;27;Pakpak Bharat
416;13;28;93107,73784160000;93,10773784160;13;Kota Sibolga;28;Samosir
417;13;30;117206,45542000000;117,20645542000;13;Kota Sibolga;30;Simalungun
418;13;1;146033,10129100000;146,03310129100;13;Kota Sibolga;1;Asahan
419;13;3;134923,00915300000;134,92300915300;13;Kota Sibolga;3;Dairi
420;13;12;138338,19322600000;138,33819322600;13;Kota Sibolga;12;Kota Pematang Siantar
421;13;14;175557,82147400000;175,55782147400;13;Kota Sibolga;14;Kota Tanjung Balai
422;13;7;162006,25131100000;162,00625131100;13;Kota Sibolga;7;Karo
423;13;2;181987,71764100000;181,98771764100;13;Kota Sibolga;2;Batu Bara
424;13;29;181037,42005800000;181,03742005800;13;Kota Sibolga;29;Serdang Bedagai
425;13;15;180145,62164500000;180,14562164500;13;Kota Sibolga;15;Kota Tebing Tinggi
426;13;5;195709,88467400000;195,70988467400;13;Kota Sibolga;5;Deli Serdang
427;13;8;208095,01176500000;208,09501176500;13;Kota Sibolga;8;Kota Binjai
428;13;10;205149,74078700000;205,14974078700;13;Kota Sibolga;10;Kota Medan
429;13;19;226528,89734400000;226,52889734400;13;Kota Sibolga;19;Langkat
430;14;23;331524,10011600000;331,52410011600;14;Kota Tanjung Balai;23;Nias Selatan
431;14;20;246667,89440200000;246,66789440200;14;Kota Tanjung Balai;20;Mandailing Natal
432;14;22;332975,16780200000;332,97516780200;14;Kota Tanjung Balai;22;Nias Barat
433;14;21;311251,35855400000;311,25135855400;14;Kota Tanjung Balai;21;Nias
434;14;25;201705,68803300000;201,70568803300;14;Kota Tanjung Balai;25;Padang Lawas
435;14;24;326910,10902300000;326,91010902300;14;Kota Tanjung Balai;24;Nias Utara
436;14;9;309062,61092600000;309,06261092600;14;Kota Tanjung Balai;9;Kota Gunungsitoli
437;14;31;187561,87317000000;187,56187317000;14;Kota Tanjung Balai;31;Tapanuli Selatan
438;14;11;182520,29990600000;182,52029990600;14;Kota Tanjung Balai;11;Kota Padangsidimpuan
439;14;26;151665,40907500000;151,66540907500;14;Kota Tanjung Balai;26;Padang Lawas Utara
440;14;13;175557,82147400000;175,55782147400;14;Kota Tanjung Balai;13;Kota Sibolga
441;14;17;129899,76655700000;129,89976655700;14;Kota Tanjung Balai;17;Labuhan Batu Selatan
442;14;32;173527,67586400000;173,52767586400;14;Kota Tanjung Balai;32;Tapanuli Tengah
443;14;33;134604,52345500000;134,60452345500;14;Kota Tanjung Balai;33;Tapanuli Utara
444;14;6;156041,14295700000;156,04114295700;14;Kota Tanjung Balai;6;Humbang Hasundutan
445;14;16;81204,64719690000;81,20464719690;14;Kota Tanjung Balai;16;Labuhan Batu
446;14;4;106577,78874000000;106,57778874000;14;Kota Tanjung Balai;4;Danau Toba
447;14;34;87510,54783450000;87,51054783450;14;Kota Tanjung Balai;34;Toba Samosir
448;14;18;61602,88293980000;61,60288293980;14;Kota Tanjung Balai;18;Labuhan Batu Utara
449;14;27;178621,50969700000;178,62150969700;14;Kota Tanjung Balai;27;Pakpak Bharat
450;14;28;116490,80954800000;116,49080954800;14;Kota Tanjung Balai;28;Samosir
451;14;30;85667,17584710000;85,66717584710;14;Kota Tanjung Balai;30;Simalungun
452;14;1;30901,49740460000;30,90149740460;14;Kota Tanjung Balai;1;Asahan
453;14;3;170307,10012900000;170,30710012900;14;Kota Tanjung Balai;3;Dairi
454;14;12;81794,19996450000;81,79419996450;14;Kota Tanjung Balai;12;Kota Pematang Siantar
455;14;7;167460,66418700000;167,46066418700;14;Kota Tanjung Balai;7;Karo
456;14;2;46196,50817060000;46,19650817060;14;Kota Tanjung Balai;2;Batu Bara
457;14;29;95470,73493550000;95,47073493550;14;Kota Tanjung Balai;29;Serdang Bedagai
458;14;15;81633,11388700000;81,63311388700;14;Kota Tanjung Balai;15;Kota Tebing Tinggi
459;14;5;123262,73756100000;123,26273756100;14;Kota Tanjung Balai;5;Deli Serdang
460;14;8;161208,83053000000;161,20883053000;14;Kota Tanjung Balai;8;Kota Binjai
461;14;10;143059,21506100000;143,05921506100;14;Kota Tanjung Balai;10;Kota Medan
462;14;19;193349,27690100000;193,34927690100;14;Kota Tanjung Balai;19;Langkat
463;15;23;321590,73401400000;321,59073401400;15;Kota Tebing Tinggi;23;Nias Selatan
464;15;20;283309,02580700000;283,30902580700;15;Kota Tebing Tinggi;20;Mandailing Natal
465;15;22;313645,63033900000;313,64563033900;15;Kota Tebing Tinggi;22;Nias Barat
466;15;21;296216,95469800000;296,21695469800;15;Kota Tebing Tinggi;21;Nias
467;15;25;253673,47798800000;253,67347798800;15;Kota Tebing Tinggi;25;Padang Lawas
468;15;24;299451,21409000000;299,45121409000;15;Kota Tebing Tinggi;24;Nias Utara
469;15;9;284008,40968300000;284,00840968300;15;Kota Tebing Tinggi;9;Kota Gunungsitoli
470;15;31;214800,87886800000;214,80087886800;15;Kota Tebing Tinggi;31;Tapanuli Selatan
471;15;11;214007,14338200000;214,00714338200;15;Kota Tebing Tinggi;11;Kota Padangsidimpuan
472;15;26;203130,15544200000;203,13015544200;15;Kota Tebing Tinggi;26;Padang Lawas Utara
473;15;13;180145,62164500000;180,14562164500;15;Kota Tebing Tinggi;13;Kota Sibolga
474;15;17;197112,15030500000;197,11215030500;15;Kota Tebing Tinggi;17;Labuhan Batu Selatan
475;15;32;163632,09421400000;163,63209421400;15;Kota Tebing Tinggi;32;Tapanuli Tengah
476;15;33;148340,32630800000;148,34032630800;15;Kota Tebing Tinggi;33;Tapanuli Utara
477;15;6;133675,83772100000;133,67583772100;15;Kota Tebing Tinggi;6;Humbang Hasundutan
478;15;16;153262,09150500000;153,26209150500;15;Kota Tebing Tinggi;16;Labuhan Batu
479;15;4;100603,02375300000;100,60302375300;15;Kota Tebing Tinggi;4;Danau Toba
480;15;34;105546,14017300000;105,54614017300;15;Kota Tebing Tinggi;34;Toba Samosir
481;15;18;121492,88158800000;121,49288158800;15;Kota Tebing Tinggi;18;Labuhan Batu Utara
482;15;27;132910,71599500000;132,91071599500;15;Kota Tebing Tinggi;27;Pakpak Bharat
483;15;28;90541,97539350000;90,54197539350;15;Kota Tebing Tinggi;28;Samosir
484;15;30;63017,41706110000;63,01741706110;15;Kota Tebing Tinggi;30;Simalungun
485;15;1;73683,51132240000;73,68351132240;15;Kota Tebing Tinggi;1;Asahan
486;15;3;112321,89773200000;112,32189773200;15;Kota Tebing Tinggi;3;Dairi
487;15;12;41833,28246480000;41,83328246480;15;Kota Tebing Tinggi;12;Kota Pematang Siantar
488;15;14;81633,11388700000;81,63311388700;15;Kota Tebing Tinggi;14;Kota Tanjung Balai
489;15;7;98231,95757080000;98,23195757080;15;Kota Tebing Tinggi;7;Karo
490;15;2;37238,95203640000;37,23895203640;15;Kota Tebing Tinggi;2;Batu Bara
491;15;29;14255,16830120000;14,25516830120;15;Kota Tebing Tinggi;29;Serdang Bedagai
492;15;5;41630,48424630000;41,63048424630;15;Kota Tebing Tinggi;5;Deli Serdang
493;15;8;79918,27460470000;79,91827460470;15;Kota Tebing Tinggi;8;Kota Binjai
494;15;10;61431,76797940000;61,43176797940;15;Kota Tebing Tinggi;10;Kota Medan
495;15;19;112112,04186800000;112,11204186800;15;Kota Tebing Tinggi;19;Langkat
496;16;23;305582,81443500000;305,58281443500;16;Labuhan Batu;23;Nias Selatan
497;16;20;182978,03070100000;182,97803070100;16;Labuhan Batu;20;Mandailing Natal
498;16;22;316213,64177700000;316,21364177700;16;Labuhan Batu;22;Nias Barat
499;16;21;291618,38023600000;291,61838023600;16;Labuhan Batu;21;Nias
500;16;25;128004,81601800000;128,00481601800;16;Labuhan Batu;25;Padang Lawas
501;16;24;318714,30750800000;318,71430750800;16;Labuhan Batu;24;Nias Utara
502;16;9;299603,09544300000;299,60309544300;16;Labuhan Batu;9;Kota Gunungsitoli
503;16;31;138902,66870200000;138,90266870200;16;Labuhan Batu;31;Tapanuli Selatan
504;16;11;130190,47958500000;130,19047958500;16;Labuhan Batu;11;Kota Padangsidimpuan
505;16;26;82785,72434510000;82,78572434510;16;Labuhan Batu;26;Padang Lawas Utara
506;16;13;153054,38131000000;153,05438131000;16;Labuhan Batu;13;Kota Sibolga
507;16;17;49294,13339260000;49,29413339260;16;Labuhan Batu;17;Labuhan Batu Selatan
508;16;32;166170,47440600000;166,17047440600;16;Labuhan Batu;32;Tapanuli Tengah
509;16;33;114248,50204900000;114,24850204900;16;Labuhan Batu;33;Tapanuli Utara
510;16;6;165001,73816900000;165,00173816900;16;Labuhan Batu;6;Humbang Hasundutan
511;16;4;119209,08723000000;119,20908723000;16;Labuhan Batu;4;Danau Toba
512;16;34;88785,99494040000;88,78599494040;16;Labuhan Batu;34;Toba Samosir
513;16;18;36541,65018590000;36,54165018590;16;Labuhan Batu;18;Labuhan Batu Utara
514;16;27;204162,66172700000;204,16266172700;16;Labuhan Batu;27;Pakpak Bharat
515;16;28;141730,10590400000;141,73010590400;16;Labuhan Batu;28;Samosir
516;16;30;124369,40774900000;124,36940774900;16;Labuhan Batu;30;Simalungun
517;16;1;79714,21775020000;79,71421775020;16;Labuhan Batu;1;Asahan
518;16;3;208466,45362100000;208,46645362100;16;Labuhan Batu;3;Dairi
519;16;12;134206,06603400000;134,20606603400;16;Labuhan Batu;12;Kota Pematang Siantar
520;16;14;81204,64719690000;81,20464719690;16;Labuhan Batu;14;Kota Tanjung Balai
521;16;7;216685,83102200000;216,68583102200;16;Labuhan Batu;7;Karo
522;16;2;123705,36292900000;123,70536292900;16;Labuhan Batu;2;Batu Bara
523;16;29;165174,85336800000;165,17485336800;16;Labuhan Batu;29;Serdang Bedagai
524;16;15;153262,09150500000;153,26209150500;16;Labuhan Batu;15;Kota Tebing Tinggi
525;16;5;192879,32055800000;192,87932055800;16;Labuhan Batu;5;Deli Serdang
526;16;8;227315,96820600000;227,31596820600;16;Labuhan Batu;8;Kota Binjai
527;16;10;211837,60787600000;211,83760787600;16;Labuhan Batu;10;Kota Medan
528;16;19;258161,44453300000;258,16144453300;16;Labuhan Batu;19;Langkat
529;17;23;290000,27301500000;290,00027301500;17;Labuhan Batu Selatan;23;Nias Selatan
530;17;20;144962,17303300000;144,96217303300;17;Labuhan Batu Selatan;20;Mandailing Natal
531;17;22;306213,40976900000;306,21340976900;17;Labuhan Batu Selatan;22;Nias Barat
532;17;21;280603,35557100000;280,60335557100;17;Labuhan Batu Selatan;21;Nias
533;17;25;83530,74392770000;83,53074392770;17;Labuhan Batu Selatan;25;Padang Lawas
534;17;24;314028,26781300000;314,02826781300;17;Labuhan Batu Selatan;24;Nias Utara
535;17;9;294768,46170900000;294,76846170900;17;Labuhan Batu Selatan;9;Kota Gunungsitoli
536;17;31;117227,57716600000;117,22757716600;17;Labuhan Batu Selatan;31;Tapanuli Selatan
537;17;11;106434,54550800000;106,43454550800;17;Labuhan Batu Selatan;11;Kota Padangsidimpuan
538;17;26;49682,53330400000;49,68253330400;17;Labuhan Batu Selatan;26;Padang Lawas Utara
539;17;13;149721,03900200000;149,72103900200;17;Labuhan Batu Selatan;13;Kota Sibolga
540;17;32;171169,60559000000;171,16960559000;17;Labuhan Batu Selatan;32;Tapanuli Tengah
541;17;33;119110,73456100000;119,11073456100;17;Labuhan Batu Selatan;33;Tapanuli Utara
542;17;6;179731,45686700000;179,73145686700;17;Labuhan Batu Selatan;6;Humbang Hasundutan
543;17;16;49294,13339260000;49,29413339260;17;Labuhan Batu Selatan;16;Labuhan Batu
544;17;4;142295,28873700000;142,29528873700;17;Labuhan Batu Selatan;4;Danau Toba
545;17;34;113386,82796800000;113,38682796800;17;Labuhan Batu Selatan;34;Toba Samosir
546;17;18;75620,48058930000;75,62048058930;17;Labuhan Batu Selatan;18;Labuhan Batu Utara
547;17;27;224539,64620900000;224,53964620900;17;Labuhan Batu Selatan;27;Pakpak Bharat
548;17;28;167527,39236700000;167,52739236700;17;Labuhan Batu Selatan;28;Samosir
549;17;30;158151,89840200000;158,15189840200;17;Labuhan Batu Selatan;30;Simalungun
550;17;1;123861,79780500000;123,86179780500;17;Labuhan Batu Selatan;1;Asahan
551;17;3;235061,30065700000;235,06130065700;17;Labuhan Batu Selatan;3;Dairi
552;17;12;172116,39856600000;172,11639856600;17;Labuhan Batu Selatan;12;Kota Pematang Siantar
553;17;14;129899,76655700000;129,89976655700;17;Labuhan Batu Selatan;14;Kota Tanjung Balai
554;17;7;248336,91327200000;248,33691327200;17;Labuhan Batu Selatan;7;Karo
555;17;2;170484,85749900000;170,48485749900;17;Labuhan Batu Selatan;2;Batu Bara
556;17;29;207896,59692900000;207,89659692900;17;Labuhan Batu Selatan;29;Serdang Bedagai
557;17;15;197112,15030500000;197,11215030500;17;Labuhan Batu Selatan;15;Kota Tebing Tinggi
558;17;5;234806,14319900000;234,80614319900;17;Labuhan Batu Selatan;5;Deli Serdang
559;17;8;266792,51832700000;266,79251832700;17;Labuhan Batu Selatan;8;Kota Binjai
560;17;10;252942,85655600000;252,94285655600;17;Labuhan Batu Selatan;10;Kota Medan
561;17;19;296359,32634800000;296,35932634800;17;Labuhan Batu Selatan;19;Langkat
562;18;23;286588,60435000000;286,58860435000;18;Labuhan Batu Utara;23;Nias Selatan
563;18;20;185651,39399000000;185,65139399000;18;Labuhan Batu Utara;20;Mandailing Natal
564;18;22;293512,43520200000;293,51243520200;18;Labuhan Batu Utara;22;Nias Barat
565;18;21;269860,40563700000;269,86040563700;18;Labuhan Batu Utara;21;Nias
566;18;25;140549,83459300000;140,54983459300;18;Labuhan Batu Utara;25;Padang Lawas
567;18;24;292918,32364100000;292,91832364100;18;Labuhan Batu Utara;24;Nias Utara
568;18;9;274097,67123000000;274,09767123000;18;Labuhan Batu Utara;9;Kota Gunungsitoli
569;18;31;130022,81030600000;130,02281030600;18;Labuhan Batu Utara;31;Tapanuli Selatan
570;18;11;123670,27543300000;123,67027543300;18;Labuhan Batu Utara;11;Kota Padangsidimpuan
571;18;26;90169,35763340000;90,16935763340;18;Labuhan Batu Utara;26;Padang Lawas Utara
572;18;13;130352,05120400000;130,35205120400;18;Labuhan Batu Utara;13;Kota Sibolga
573;18;17;75620,48058930000;75,62048058930;18;Labuhan Batu Utara;17;Labuhan Batu Selatan
574;18;32;138032,20947600000;138,03220947600;18;Labuhan Batu Utara;32;Tapanuli Tengah
575;18;33;89102,49955160000;89,10249955160;18;Labuhan Batu Utara;33;Tapanuli Utara
576;18;6;132284,38644300000;132,28438644300;18;Labuhan Batu Utara;6;Humbang Hasundutan
577;18;16;36541,65018590000;36,54165018590;18;Labuhan Batu Utara;16;Labuhan Batu
578;18;4;84434,08644340000;84,43408644340;18;Labuhan Batu Utara;4;Danau Toba
579;18;34;54579,43483700000;54,57943483700;18;Labuhan Batu Utara;34;Toba Samosir
580;18;27;169047,28331900000;169,04728331900;18;Labuhan Batu Utara;27;Pakpak Bharat
581;18;28;105852,80326300000;105,85280326300;18;Labuhan Batu Utara;28;Samosir
582;18;30;87882,41596450000;87,88241596450;18;Labuhan Batu Utara;30;Simalungun
583;18;1;48539,43141930000;48,53943141930;18;Labuhan Batu Utara;1;Asahan
584;18;3;172145,47478500000;172,14547478500;18;Labuhan Batu Utara;3;Dairi
585;18;12;98602,32857350000;98,60232857350;18;Labuhan Batu Utara;12;Kota Pematang Siantar
586;18;14;61602,88293980000;61,60288293980;18;Labuhan Batu Utara;14;Kota Tanjung Balai
587;18;7;180179,08950400000;180,17908950400;18;Labuhan Batu Utara;7;Karo
588;18;2;96310,64603000000;96,31064603000;18;Labuhan Batu Utara;2;Batu Bara
589;18;29;132378,95506600000;132,37895506600;18;Labuhan Batu Utara;29;Serdang Bedagai
590;18;15;121492,88158800000;121,49288158800;18;Labuhan Batu Utara;15;Kota Tebing Tinggi
591;18;5;159521,99527000000;159,52199527000;18;Labuhan Batu Utara;5;Deli Serdang
592;18;8;192624,56566800000;192,62456566800;18;Labuhan Batu Utara;8;Kota Binjai
593;18;10;177977,78214100000;177,97778214100;18;Labuhan Batu Utara;10;Kota Medan
594;18;19;222994,40380600000;222,99440380600;18;Labuhan Batu Utara;19;Langkat
595;19;23;326984,27995100000;326,98427995100;19;Langkat;23;Nias Selatan
596;19;20;348683,71688800000;348,68371688800;19;Langkat;20;Mandailing Natal
597;19;22;306552,29158500000;306,55229158500;19;Langkat;22;Nias Barat
598;19;21;297297,58686400000;297,29758686400;19;Langkat;21;Nias
599;19;25;336484,40519000000;336,48440519000;19;Langkat;25;Padang Lawas
600;19;24;281826,33720800000;281,82633720800;19;Langkat;24;Nias Utara
601;19;9;271985,00037400000;271,98500037400;19;Langkat;9;Kota Gunungsitoli
602;19;31;278088,28598900000;278,08828598900;19;Langkat;31;Tapanuli Selatan
603;19;11;281539,09467000000;281,53909467000;19;Langkat;11;Kota Padangsidimpuan
604;19;26;289643,47732700000;289,64347732700;19;Langkat;26;Padang Lawas Utara
605;19;13;226528,89734400000;226,52889734400;19;Langkat;13;Kota Sibolga
606;19;17;296359,32634800000;296,35932634800;19;Langkat;17;Labuhan Batu Selatan
607;19;32;197927,89108200000;197,92789108200;19;Langkat;32;Tapanuli Tengah
608;19;33;212311,63737600000;212,31163737600;19;Langkat;33;Tapanuli Utara
609;19;6;163765,55807300000;163,76555807300;19;Langkat;6;Humbang Hasundutan
610;19;16;258161,44453300000;258,16144453300;19;Langkat;16;Labuhan Batu
611;19;4;165319,19855400000;165,31919855400;19;Langkat;4;Danau Toba
612;19;34;187233,28783000000;187,23328783000;19;Langkat;34;Toba Samosir
613;19;18;222994,40380600000;222,99440380600;19;Langkat;18;Labuhan Batu Utara
614;19;27;127711,52435700000;127,71152435700;19;Langkat;27;Pakpak Bharat
615;19;28;141119,12491200000;141,11912491200;19;Langkat;28;Samosir
616;19;30;138928,10921600000;138,92810921600;19;Langkat;30;Simalungun
617;19;1;179892,27157800000;179,89227157800;19;Langkat;1;Asahan
618;19;3;95837,55154290000;95,83755154290;19;Langkat;3;Dairi
619;19;12;124477,16993400000;124,47716993400;19;Langkat;12;Kota Pematang Siantar
620;19;14;193349,27690100000;193,34927690100;19;Langkat;14;Kota Tanjung Balai
621;19;7;65610,99637580000;65,61099637580;19;Langkat;7;Karo
622;19;2;149203,38106200000;149,20338106200;19;Langkat;2;Batu Bara
623;19;29;98001,65135440000;98,00165135440;19;Langkat;29;Serdang Bedagai
624;19;15;112112,04186800000;112,11204186800;19;Langkat;15;Kota Tebing Tinggi
625;19;5;70968,75764580000;70,96875764580;19;Langkat;5;Deli Serdang
626;19;8;32193,85296910000;32,19385296910;19;Langkat;8;Kota Binjai
627;19;10;51517,35150230000;51,51735150230;19;Langkat;10;Kota Medan
628;20;23;181260,95689100000;181,26095689100;20;Mandailing Natal;23;Nias Selatan
629;20;22;210346,10495400000;210,34610495400;20;Mandailing Natal;22;Nias Barat
630;20;21;185498,16415600000;185,49816415600;20;Mandailing Natal;21;Nias
631;20;25;66516,37690460000;66,51637690460;20;Mandailing Natal;25;Padang Lawas
632;20;24;231775,12886700000;231,77512886700;20;Mandailing Natal;24;Nias Utara
633;20;9;214839,02387600000;214,83902387600;20;Mandailing Natal;9;Kota Gunungsitoli
634;20;31;70807,12553440000;70,80712553440;20;Mandailing Natal;31;Tapanuli Selatan
635;20;11;69460,45856390000;69,46045856390;20;Mandailing Natal;11;Kota Padangsidimpuan
636;20;26;100212,96685200000;100,21296685200;20;Mandailing Natal;26;Padang Lawas Utara
637;20;13;124927,71548000000;124,92771548000;20;Mandailing Natal;13;Kota Sibolga
638;20;17;144962,17303300000;144,96217303300;20;Mandailing Natal;17;Labuhan Batu Selatan
639;20;32;156696,56679000000;156,69656679000;20;Mandailing Natal;32;Tapanuli Tengah
640;20;33;138347,02068800000;138,34702068800;20;Mandailing Natal;33;Tapanuli Utara
641;20;6;187676,71179500000;187,67671179500;20;Mandailing Natal;6;Humbang Hasundutan
642;20;16;182978,03070100000;182,97803070100;20;Mandailing Natal;16;Labuhan Batu
643;20;4;187970,60219300000;187,97060219300;20;Mandailing Natal;4;Danau Toba
644;20;34;177840,83180000000;177,84083180000;20;Mandailing Natal;34;Toba Samosir
645;20;18;185651,39399000000;185,65139399000;20;Mandailing Natal;18;Labuhan Batu Utara
646;20;27;233401,57979200000;233,40157979200;20;Mandailing Natal;27;Pakpak Bharat
647;20;28;209112,20367700000;209,11220367700;20;Mandailing Natal;28;Samosir
648;20;30;223272,00716100000;223,27200716100;20;Mandailing Natal;30;Simalungun
649;20;1;225539,85538700000;225,53985538700;20;Mandailing Natal;1;Asahan
650;20;3;259517,29848900000;259,51729848900;20;Mandailing Natal;3;Dairi
651;20;12;244333,71570700000;244,33371570700;20;Mandailing Natal;12;Kota Pematang Siantar
652;20;14;246667,89440200000;246,66789440200;20;Mandailing Natal;14;Kota Tanjung Balai
653;20;7;285516,85469900000;285,51685469900;20;Mandailing Natal;7;Karo
654;20;2;272182,22658300000;272,18222658300;20;Mandailing Natal;2;Batu Bara
655;20;29;288327,46372800000;288,32746372800;20;Mandailing Natal;29;Serdang Bedagai
656;20;15;283309,02580700000;283,30902580700;20;Mandailing Natal;15;Kota Tebing Tinggi
657;20;5;308454,68213200000;308,45468213200;20;Mandailing Natal;5;Deli Serdang
658;20;8;327278,91744400000;327,27891744400;20;Mandailing Natal;8;Kota Binjai
659;20;10;321163,71274700000;321,16371274700;20;Mandailing Natal;10;Kota Medan
660;20;19;348683,71688800000;348,68371688800;20;Mandailing Natal;19;Langkat
661;21;23;30430,28088180000;30,43028088180;21;Nias;23;Nias Selatan
662;21;20;185498,16415600000;185,49816415600;21;Nias;20;Mandailing Natal
663;21;22;25957,56620710000;25,95756620710;21;Nias;22;Nias Barat
664;21;25;235594,33085600000;235,59433085600;21;Nias;25;Padang Lawas
665;21;24;49523,45531690000;49,52345531690;21;Nias;24;Nias Utara
666;21;9;38671,33616150000;38,67133616150;21;Nias;9;Kota Gunungsitoli
667;21;31;165145,43923200000;165,14543923200;21;Nias;31;Tapanuli Selatan
668;21;11;176582,43961100000;176,58243961100;21;Nias;11;Kota Padangsidimpuan
669;21;26;233100,19410100000;233,10019410100;21;Nias;26;Padang Lawas Utara
670;21;13;139557,17735800000;139,55717735800;21;Nias;13;Kota Sibolga
671;21;17;280603,35557100000;280,60335557100;21;Nias;17;Labuhan Batu Selatan
672;21;32;138114,11105000000;138,11411105000;21;Nias;32;Tapanuli Tengah
673;21;33;180837,19586300000;180,83719586300;21;Nias;33;Tapanuli Utara
674;21;6;162971,94509500000;162,97194509500;21;Nias;6;Humbang Hasundutan
675;21;16;291618,38023600000;291,61838023600;21;Nias;16;Labuhan Batu
676;21;4;206614,40206000000;206,61440206000;21;Nias;4;Danau Toba
677;21;34;224249,44821900000;224,24944821900;21;Nias;34;Toba Samosir
678;21;18;269860,40563700000;269,86040563700;21;Nias;18;Labuhan Batu Utara
679;21;27;174117,59793900000;174,11759793900;21;Nias;27;Pakpak Bharat
680;21;28;206921,08422600000;206,92108422600;21;Nias;28;Samosir
681;21;30;238760,74621600000;238,76074621600;21;Nias;30;Simalungun
682;21;1;280651,92016200000;280,65192016200;21;Nias;1;Asahan
683;21;3;205464,42594900000;205,46442594900;21;Nias;3;Dairi
684;21;12;256639,57740900000;256,63957740900;21;Nias;12;Kota Pematang Siantar
685;21;14;311251,35855400000;311,25135855400;21;Nias;14;Kota Tanjung Balai
686;21;7;235762,60097500000;235,76260097500;21;Nias;7;Karo
687;21;2;308705,48584400000;308,70548584400;21;Nias;2;Batu Bara
688;21;29;292130,70257600000;292,13070257600;21;Nias;29;Serdang Bedagai
689;21;15;296216,95469800000;296,21695469800;21;Nias;15;Kota Tebing Tinggi
690;21;5;296688,24277100000;296,68824277100;21;Nias;5;Deli Serdang
691;21;8;292561,54919000000;292,56154919000;21;Nias;8;Kota Binjai
692;21;10;298340,64317300000;298,34064317300;21;Nias;10;Kota Medan
693;21;19;297297,58686400000;297,29758686400;21;Nias;19;Langkat
694;22;23;38148,91009250000;38,14891009250;22;Nias Barat;23;Nias Selatan
695;22;20;210346,10495400000;210,34610495400;22;Nias Barat;20;Mandailing Natal
696;22;21;25957,56620710000;25,95756620710;22;Nias Barat;21;Nias
697;22;25;261427,11285100000;261,42711285100;22;Nias Barat;25;Padang Lawas
698;22;24;34596,96949790000;34,59696949790;22;Nias Barat;24;Nias Utara
699;22;9;35172,73485550000;35,17273485550;22;Nias Barat;9;Kota Gunungsitoli
700;22;31;191036,71124600000;191,03671124600;22;Nias Barat;31;Tapanuli Selatan
701;22;11;202484,73330200000;202,48473330200;22;Nias Barat;11;Kota Padangsidimpuan
702;22;26;258905,36100700000;258,90536100700;22;Nias Barat;26;Padang Lawas Utara
703;22;13;163549,93272200000;163,54993272200;22;Nias Barat;13;Kota Sibolga
704;22;17;306213,40976900000;306,21340976900;22;Nias Barat;17;Labuhan Batu Selatan
705;22;32;159447,54085300000;159,44754085300;22;Nias Barat;32;Tapanuli Tengah
706;22;33;204410,70595800000;204,41070595800;22;Nias Barat;33;Tapanuli Utara
707;22;6;181711,17879400000;181,71117879400;22;Nias Barat;6;Humbang Hasundutan
708;22;16;316213,64177700000;316,21364177700;22;Nias Barat;16;Labuhan Batu
709;22;4;227362,45176800000;227,36245176800;22;Nias Barat;4;Danau Toba
710;22;34;246552,45994700000;246,55245994700;22;Nias Barat;34;Toba Samosir
711;22;18;293512,43520200000;293,51243520200;22;Nias Barat;18;Labuhan Batu Utara
712;22;27;187360,31997000000;187,36031997000;22;Nias Barat;27;Pakpak Bharat
713;22;28;225668,99198600000;225,66899198600;22;Nias Barat;28;Samosir
714;22;30;258041,10256400000;258,04110256400;22;Nias Barat;30;Simalungun
715;22;1;302207,53180400000;302,20753180400;22;Nias Barat;1;Asahan
716;22;3;217680,74467700000;217,68074467700;22;Nias Barat;3;Dairi
717;22;12;275048,00037300000;275,04800037300;22;Nias Barat;12;Kota Pematang Siantar
718;22;14;332975,16780200000;332,97516780200;22;Nias Barat;14;Kota Tanjung Balai
719;22;7;247260,10454500000;247,26010454500;22;Nias Barat;7;Karo
720;22;2;328165,82108800000;328,16582108800;22;Nias Barat;2;Batu Bara
721;22;29;308682,73509000000;308,68273509000;22;Nias Barat;29;Serdang Bedagai
722;22;15;313645,63033900000;313,64563033900;22;Nias Barat;15;Kota Tebing Tinggi
723;22;5;311329,64773900000;311,32964773900;22;Nias Barat;5;Deli Serdang
724;22;8;304346,08989800000;304,34608989800;22;Nias Barat;8;Kota Binjai
725;22;10;311558,66720200000;311,55866720200;22;Nias Barat;10;Kota Medan
726;22;19;306552,29158500000;306,55229158500;22;Nias Barat;19;Langkat
727;23;20;181260,95689100000;181,26095689100;23;Nias Selatan;20;Mandailing Natal
728;23;22;38148,91009250000;38,14891009250;23;Nias Selatan;22;Nias Barat
729;23;21;30430,28088180000;30,43028088180;23;Nias Selatan;21;Nias
730;23;25;237195,71398400000;237,19571398400;23;Nias Selatan;25;Padang Lawas
731;23;24;71801,49538950000;71,80149538950;23;Nias Selatan;24;Nias Utara
732;23;9;66312,21985720000;66,31221985720;23;Nias Selatan;9;Kota Gunungsitoli
733;23;31;172870,50842700000;172,87050842700;23;Nias Selatan;31;Tapanuli Selatan
734;23;11;183943,26032400000;183,94326032400;23;Nias Selatan;11;Kota Padangsidimpuan
735;23;26;241166,81961800000;241,16681961800;23;Nias Selatan;26;Padang Lawas Utara
736;23;13;156850,67194900000;156,85067194900;23;Nias Selatan;13;Kota Sibolga
737;23;17;290000,27301500000;290,00027301500;23;Nias Selatan;17;Labuhan Batu Selatan
738;23;32;160396,62092900000;160,39662092900;23;Nias Selatan;32;Tapanuli Tengah
739;23;33;198508,03426800000;198,50803426800;23;Nias Selatan;33;Tapanuli Utara
740;23;6;187917,85828000000;187,91785828000;23;Nias Selatan;6;Humbang Hasundutan
741;23;16;305582,81443500000;305,58281443500;23;Nias Selatan;16;Labuhan Batu
742;23;4;228903,75757300000;228,90375757300;23;Nias Selatan;4;Danau Toba
743;23;34;244039,35346200000;244,03935346200;23;Nias Selatan;34;Toba Samosir
744;23;18;286588,60435000000;286,58860435000;23;Nias Selatan;18;Labuhan Batu Utara
745;23;27;202683,53429500000;202,68353429500;23;Nias Selatan;27;Pakpak Bharat
746;23;28;231494,09692000000;231,49409692000;23;Nias Selatan;28;Samosir
747;23;30;262589,52979600000;262,58952979600;23;Nias Selatan;30;Simalungun
748;23;1;301324,93190900000;301,32493190900;23;Nias Selatan;1;Asahan
749;23;3;234341,45876000000;234,34145876000;23;Nias Selatan;3;Dairi
750;23;12;281269,50021500000;281,26950021500;23;Nias Selatan;12;Kota Pematang Siantar
751;23;14;331524,10011600000;331,52410011600;23;Nias Selatan;14;Kota Tanjung Balai
752;23;7;264833,80290500000;264,83380290500;23;Nias Selatan;7;Karo
753;23;2;332027,84663700000;332,02784663700;23;Nias Selatan;2;Batu Bara
754;23;29;318232,25188500000;318,23225188500;23;Nias Selatan;29;Serdang Bedagai
755;23;15;321590,73401400000;321,59073401400;23;Nias Selatan;15;Kota Tebing Tinggi
756;23;5;324086,50842700000;324,08650842700;23;Nias Selatan;5;Deli Serdang
757;23;8;321405,22963500000;321,40522963500;23;Nias Selatan;8;Kota Binjai
758;23;10;326522,13877700000;326,52213877700;23;Nias Selatan;10;Kota Medan
759;23;19;326984,27995100000;326,98427995100;23;Nias Selatan;19;Langkat
760;24;23;71801,49538950000;71,80149538950;24;Nias Utara;23;Nias Selatan
761;24;20;231775,12886700000;231,77512886700;24;Nias Utara;20;Mandailing Natal
762;24;22;34596,96949790000;34,59696949790;24;Nias Utara;22;Nias Barat
763;24;21;49523,45531690000;49,52345531690;24;Nias Utara;21;Nias
764;24;25;277428,44138000000;277,42844138000;24;Nias Utara;25;Padang Lawas
765;24;9;19269,59976490000;19,26959976490;24;Nias Utara;9;Kota Gunungsitoli
766;24;31;202815,32042500000;202,81532042500;24;Nias Utara;31;Tapanuli Selatan
767;24;11;214289,13841800000;214,28913841800;24;Nias Utara;11;Kota Padangsidimpuan
768;24;26;268814,89919500000;268,81489919500;24;Nias Utara;26;Padang Lawas Utara
769;24;13;166143,99126500000;166,14399126500;24;Nias Utara;13;Kota Sibolga
770;24;17;314028,26781300000;314,02826781300;24;Nias Utara;17;Labuhan Batu Selatan
771;24;32;155321,34535100000;155,32134535100;24;Nias Utara;32;Tapanuli Tengah
772;24;33;204757,87975800000;204,75787975800;24;Nias Utara;33;Tapanuli Utara
773;24;6;171787,18893900000;171,78718893900;24;Nias Utara;6;Humbang Hasundutan
774;24;16;318714,30750800000;318,71430750800;24;Nias Utara;16;Labuhan Batu
775;24;4;220337,20211100000;220,33720211100;24;Nias Utara;4;Danau Toba
776;24;34;242770,26397700000;242,77026397700;24;Nias Utara;34;Toba Samosir
777;24;18;292918,32364100000;292,91832364100;24;Nias Utara;18;Labuhan Batu Utara
778;24;27;168845,09949700000;168,84509949700;24;Nias Utara;27;Pakpak Bharat
779;24;28;214803,63591900000;214,80363591900;24;Nias Utara;28;Samosir
780;24;30;247660,81437100000;247,66081437100;24;Nias Utara;30;Simalungun
781;24;1;296012,24386900000;296,01224386900;24;Nias Utara;1;Asahan
782;24;3;197249,08119400000;197,24908119400;24;Nias Utara;3;Dairi
783;24;12;262887,93244800000;262,88793244800;24;Nias Utara;12;Kota Pematang Siantar
784;24;14;326910,10902300000;326,91010902300;24;Nias Utara;14;Kota Tanjung Balai
785;24;7;225541,85624900000;225,54185624900;24;Nias Utara;7;Karo
786;24;2;317408,08124000000;317,40808124000;24;Nias Utara;2;Batu Bara
787;24;29;293141,55190100000;293,14155190100;24;Nias Utara;29;Serdang Bedagai
788;24;15;299451,21409000000;299,45121409000;24;Nias Utara;15;Kota Tebing Tinggi
789;24;5;292983,40465300000;292,98340465300;24;Nias Utara;5;Deli Serdang
790;24;8;282417,77470600000;282,41777470600;24;Nias Utara;8;Kota Binjai
791;24;10;291328,10147000000;291,32810147000;24;Nias Utara;10;Kota Medan
792;24;19;281826,33720800000;281,82633720800;24;Nias Utara;19;Langkat
793;25;23;237195,71398400000;237,19571398400;25;Padang Lawas;23;Nias Selatan
794;25;20;66516,37690460000;66,51637690460;25;Padang Lawas;20;Mandailing Natal
795;25;22;261427,11285100000;261,42711285100;25;Padang Lawas;22;Nias Barat
796;25;21;235594,33085600000;235,59433085600;25;Padang Lawas;21;Nias
797;25;24;277428,44138000000;277,42844138000;25;Padang Lawas;24;Nias Utara
798;25;9;258998,45139400000;258,99845139400;25;Padang Lawas;9;Kota Gunungsitoli
799;25;31;78889,85126020000;78,88985126020;25;Padang Lawas;31;Tapanuli Selatan
800;25;11;68760,12133550000;68,76012133550;25;Padang Lawas;11;Kota Padangsidimpuan
801;25;26;50960,45101340000;50,96045101340;25;Padang Lawas;26;Padang Lawas Utara
802;25;13;134952,32297700000;134,95232297700;25;Padang Lawas;13;Kota Sibolga
803;25;17;83530,74392770000;83,53074392770;25;Padang Lawas;17;Labuhan Batu Selatan
804;25;32;165708,95791700000;165,70895791700;25;Padang Lawas;32;Tapanuli Tengah
805;25;33;127334,54466100000;127,33454466100;25;Padang Lawas;33;Tapanuli Utara
806;25;6;188724,91325000000;188,72491325000;25;Padang Lawas;6;Humbang Hasundutan
807;25;16;128004,81601800000;128,00481601800;25;Padang Lawas;16;Labuhan Batu
808;25;4;171222,14122000000;171,22214122000;25;Padang Lawas;4;Danau Toba
809;25;34;151417,17852300000;151,41717852300;25;Padang Lawas;34;Toba Samosir
810;25;18;140549,83459300000;140,54983459300;25;Padang Lawas;18;Labuhan Batu Utara
811;25;27;237120,36876300000;237,12036876300;25;Padang Lawas;27;Pakpak Bharat
812;25;28;196077,59612100000;196,07759612100;25;Padang Lawas;28;Samosir
813;25;30;200488,80881100000;200,48880881100;25;Padang Lawas;30;Simalungun
814;25;1;186586,94845200000;186,58694845200;25;Padang Lawas;1;Asahan
815;25;3;257281,29264200000;257,28129264200;25;Padang Lawas;3;Dairi
816;25;12;219527,72869600000;219,52772869600;25;Padang Lawas;12;Kota Pematang Siantar
817;25;14;201705,68803300000;201,70568803300;25;Padang Lawas;14;Kota Tanjung Balai
818;25;7;278470,43883600000;278,47043883600;25;Padang Lawas;7;Karo
819;25;2;235020,95772600000;235,02095772600;25;Padang Lawas;2;Batu Bara
820;25;29;261511,75239200000;261,51175239200;25;Padang Lawas;29;Serdang Bedagai
821;25;15;253673,47798800000;253,67347798800;25;Padang Lawas;15;Kota Tebing Tinggi
822;25;5;285370,12855600000;285,37012855600;25;Padang Lawas;5;Deli Serdang
823;25;8;310790,24435800000;310,79024435800;25;Padang Lawas;8;Kota Binjai
824;25;10;300935,91342800000;300,93591342800;25;Padang Lawas;10;Kota Medan
825;25;19;336484,40519000000;336,48440519000;25;Padang Lawas;19;Langkat
826;26;23;241166,81961800000;241,16681961800;26;Padang Lawas Utara;23;Nias Selatan
827;26;20;100212,96685200000;100,21296685200;26;Padang Lawas Utara;20;Mandailing Natal
828;26;22;258905,36100700000;258,90536100700;26;Padang Lawas Utara;22;Nias Barat
829;26;21;233100,19410100000;233,10019410100;26;Padang Lawas Utara;21;Nias
830;26;25;50960,45101340000;50,96045101340;26;Padang Lawas Utara;25;Padang Lawas
831;26;24;268814,89919500000;268,81489919500;26;Padang Lawas Utara;24;Nias Utara
832;26;9;249652,71056700000;249,65271056700;26;Padang Lawas Utara;9;Kota Gunungsitoli
833;26;31;68349,48282190000;68,34948282190;26;Padang Lawas Utara;31;Tapanuli Selatan
834;26;11;57230,38684700000;57,23038684700;26;Padang Lawas Utara;11;Kota Padangsidimpuan
835;26;13;108991,98255500000;108,99198255500;26;Padang Lawas Utara;13;Kota Sibolga
836;26;17;49682,53330400000;49,68253330400;26;Padang Lawas Utara;17;Labuhan Batu Selatan
837;26;32;135277,72728200000;135,27772728200;26;Padang Lawas Utara;32;Tapanuli Tengah
838;26;33;88035,38770210000;88,03538770210;26;Padang Lawas Utara;33;Tapanuli Utara
839;26;6;151526,33896900000;151,52633896900;26;Padang Lawas Utara;6;Humbang Hasundutan
840;26;16;82785,72434510000;82,78572434510;26;Padang Lawas Utara;16;Labuhan Batu
841;26;4;125644,02370000000;125,64402370000;26;Padang Lawas Utara;4;Danau Toba
842;26;34;102780,03041900000;102,78003041900;26;Padang Lawas Utara;34;Toba Samosir
843;26;18;90169,35763340000;90,16935763340;26;Padang Lawas Utara;18;Labuhan Batu Utara
844;26;27;199285,20780200000;199,28520780200;26;Padang Lawas Utara;27;Pakpak Bharat
845;26;28;151229,09676800000;151,22909676800;26;Padang Lawas Utara;28;Samosir
846;26;30;151886,43194300000;151,88643194300;26;Padang Lawas Utara;30;Simalungun
847;26;1;135649,62625300000;135,64962625300;26;Padang Lawas Utara;1;Asahan
848;26;3;215730,34778600000;215,73034778600;26;Padang Lawas Utara;3;Dairi
849;26;12;170115,98509600000;170,11598509600;26;Padang Lawas Utara;12;Kota Pematang Siantar
850;26;14;151665,40907500000;151,66540907500;26;Padang Lawas Utara;14;Kota Tanjung Balai
851;26;7;234287,53879700000;234,28753879700;26;Padang Lawas Utara;7;Karo
852;26;2;184070,58424900000;184,07058424900;26;Padang Lawas Utara;2;Batu Bara
853;26;29;211365,55413600000;211,36555413600;26;Padang Lawas Utara;29;Serdang Bedagai
854;26;15;203130,15544200000;203,13015544200;26;Padang Lawas Utara;15;Kota Tebing Tinggi
855;26;5;235831,75876200000;235,83175876200;26;Padang Lawas Utara;5;Deli Serdang
856;26;8;262791,53805400000;262,79153805400;26;Padang Lawas Utara;8;Kota Binjai
857;26;10;251976,97872400000;251,97697872400;26;Padang Lawas Utara;10;Kota Medan
858;26;19;289643,47732700000;289,64347732700;26;Padang Lawas Utara;19;Langkat
859;27;23;202683,53429500000;202,68353429500;27;Pakpak Bharat;23;Nias Selatan
860;27;20;233401,57979200000;233,40157979200;27;Pakpak Bharat;20;Mandailing Natal
861;27;22;187360,31997000000;187,36031997000;27;Pakpak Bharat;22;Nias Barat
862;27;21;174117,59793900000;174,11759793900;27;Pakpak Bharat;21;Nias
863;27;25;237120,36876300000;237,12036876300;27;Pakpak Bharat;25;Padang Lawas
864;27;24;168845,09949700000;168,84509949700;27;Pakpak Bharat;24;Nias Utara
865;27;9;155037,65229700000;155,03765229700;27;Pakpak Bharat;9;Kota Gunungsitoli
866;27;31;166026,89075500000;166,02689075500;27;Pakpak Bharat;31;Tapanuli Selatan
867;27;11;172515,15711700000;172,51515711700;27;Pakpak Bharat;11;Kota Padangsidimpuan
868;27;26;199285,20780200000;199,28520780200;27;Pakpak Bharat;26;Padang Lawas Utara
869;27;13;108547,66005800000;108,54766005800;27;Pakpak Bharat;13;Kota Sibolga
870;27;17;224539,64620900000;224,53964620900;27;Pakpak Bharat;17;Labuhan Batu Selatan
871;27;32;76747,32599010000;76,74732599010;27;Pakpak Bharat;32;Tapanuli Tengah
872;27;33;111388,85741900000;111,38885741900;27;Pakpak Bharat;33;Tapanuli Utara
873;27;6;48402,34670970000;48,40234670970;27;Pakpak Bharat;6;Humbang Hasundutan
874;27;16;204162,66172700000;204,16266172700;27;Pakpak Bharat;16;Labuhan Batu
875;27;4;84959,96821870000;84,95996821870;27;Pakpak Bharat;4;Danau Toba
876;27;34;115421,12114500000;115,42112114500;27;Pakpak Bharat;34;Toba Samosir
877;27;18;169047,28331900000;169,04728331900;27;Pakpak Bharat;18;Labuhan Batu Utara
878;27;28;64267,46221160000;64,26746221160;27;Pakpak Bharat;28;Samosir
879;27;30;92954,36372780000;92,95436372780;27;Pakpak Bharat;30;Simalungun
880;27;1;149971,99535500000;149,97199535500;27;Pakpak Bharat;1;Asahan
881;27;3;32133,38270680000;32,13338270680;27;Pakpak Bharat;3;Dairi
882;27;12;101548,39151000000;101,54839151000;27;Pakpak Bharat;12;Kota Pematang Siantar
883;27;14;178621,50969700000;178,62150969700;27;Pakpak Bharat;14;Kota Tanjung Balai
884;27;7;62924,52564490000;62,92452564490;27;Pakpak Bharat;7;Karo
885;27;2;156686,37007900000;156,68637007900;27;Pakpak Bharat;2;Batu Bara
886;27;29;125173,60704400000;125,17360704400;27;Pakpak Bharat;29;Serdang Bedagai
887;27;15;132910,71599500000;132,91071599500;27;Pakpak Bharat;15;Kota Tebing Tinggi
888;27;5;124309,26248900000;124,30926248900;27;Pakpak Bharat;5;Deli Serdang
889;27;8;118792,80551000000;118,79280551000;27;Pakpak Bharat;8;Kota Binjai
890;27;10;124351,84744500000;124,35184744500;27;Pakpak Bharat;10;Kota Medan
891;27;19;127711,52435700000;127,71152435700;27;Pakpak Bharat;19;Langkat
892;28;23;231494,09692000000;231,49409692000;28;Samosir;23;Nias Selatan
893;28;20;209112,20367700000;209,11220367700;28;Samosir;20;Mandailing Natal
894;28;22;225668,99198600000;225,66899198600;28;Samosir;22;Nias Barat
895;28;21;206921,08422600000;206,92108422600;28;Samosir;21;Nias
896;28;25;196077,59612100000;196,07759612100;28;Samosir;25;Padang Lawas
897;28;24;214803,63591900000;214,80363591900;28;Samosir;24;Nias Utara
898;28;9;198057,26380800000;198,05726380800;28;Samosir;9;Kota Gunungsitoli
899;28;31;138308,63174800000;138,30863174800;28;Samosir;31;Tapanuli Selatan
900;28;11;140891,10808000000;140,89110808000;28;Samosir;11;Kota Padangsidimpuan
901;28;26;151229,09676800000;151,22909676800;28;Samosir;26;Padang Lawas Utara
902;28;13;93107,73784160000;93,10773784160;28;Samosir;13;Kota Sibolga
903;28;17;167527,39236700000;167,52739236700;28;Samosir;17;Labuhan Batu Selatan
904;28;32;73231,63420070000;73,23163420070;28;Samosir;32;Tapanuli Tengah
905;28;33;71368,09920630000;71,36809920630;28;Samosir;33;Tapanuli Utara
906;28;6;44001,29668390000;44,00129668390;28;Samosir;6;Humbang Hasundutan
907;28;16;141730,10590400000;141,73010590400;28;Samosir;16;Labuhan Batu
908;28;4;25766,41128120000;25,76641128120;28;Samosir;4;Danau Toba
909;28;34;54450,76696390000;54,45076696390;28;Samosir;34;Toba Samosir
910;28;18;105852,80326300000;105,85280326300;28;Samosir;18;Labuhan Batu Utara
911;28;27;64267,46221160000;64,26746221160;28;Samosir;27;Pakpak Bharat
912;28;30;32878,56333410000;32,87856333410;28;Samosir;30;Simalungun
913;28;1;86750,22905130000;86,75022905130;28;Samosir;1;Asahan
914;28;3;67660,38681060000;67,66038681060;28;Samosir;3;Dairi
915;28;12;49786,86693450000;49,78686693450;28;Samosir;12;Kota Pematang Siantar
916;28;14;116490,80954800000;116,49080954800;28;Samosir;14;Kota Tanjung Balai
917;28;7;83061,57746450000;83,06157746450;28;Samosir;7;Karo
918;28;2;102749,76862700000;102,74976862700;28;Samosir;2;Batu Bara
919;28;29;89167,62003680000;89,16762003680;28;Samosir;29;Serdang Bedagai
920;28;15;90541,97539350000;90,54197539350;28;Samosir;15;Kota Tebing Tinggi
921;28;5;102617,36230900000;102,61736230900;28;Samosir;5;Deli Serdang
922;28;8;118177,15364800000;118,17715364800;28;Samosir;8;Kota Binjai
923;28;10;112890,89307900000;112,89089307900;28;Samosir;10;Kota Medan
924;28;19;141119,12491200000;141,11912491200;28;Samosir;19;Langkat
925;29;23;318232,25188500000;318,23225188500;29;Serdang Bedagai;23;Nias Selatan
926;29;20;288327,46372800000;288,32746372800;29;Serdang Bedagai;20;Mandailing Natal
927;29;22;308682,73509000000;308,68273509000;29;Serdang Bedagai;22;Nias Barat
928;29;21;292130,70257600000;292,13070257600;29;Serdang Bedagai;21;Nias
929;29;25;261511,75239200000;261,51175239200;29;Serdang Bedagai;25;Padang Lawas
930;29;24;293141,55190100000;293,14155190100;29;Serdang Bedagai;24;Nias Utara
931;29;9;278229,64696400000;278,22964696400;29;Serdang Bedagai;9;Kota Gunungsitoli
932;29;31;218950,10218900000;218,95010218900;29;Serdang Bedagai;31;Tapanuli Selatan
933;29;11;218873,63500700000;218,87363500700;29;Serdang Bedagai;11;Kota Padangsidimpuan
934;29;26;211365,55413600000;211,36555413600;29;Serdang Bedagai;26;Padang Lawas Utara
935;29;13;181037,42005800000;181,03742005800;29;Serdang Bedagai;13;Kota Sibolga
936;29;17;207896,59692900000;207,89659692900;29;Serdang Bedagai;17;Labuhan Batu Selatan
937;29;32;162287,80461800000;162,28780461800;29;Serdang Bedagai;32;Tapanuli Tengah
938;29;33;151651,75630400000;151,65175630400;29;Serdang Bedagai;33;Tapanuli Utara
939;29;6;130818,65798800000;130,81865798800;29;Serdang Bedagai;6;Humbang Hasundutan
940;29;16;165174,85336800000;165,17485336800;29;Serdang Bedagai;16;Labuhan Batu
941;29;4;102644,62522900000;102,64462522900;29;Serdang Bedagai;4;Danau Toba
942;29;34;111455,11236700000;111,45511236700;29;Serdang Bedagai;34;Toba Samosir
943;29;18;132378,95506600000;132,37895506600;29;Serdang Bedagai;18;Labuhan Batu Utara
944;29;27;125173,60704400000;125,17360704400;29;Serdang Bedagai;27;Pakpak Bharat
945;29;28;89167,62003680000;89,16762003680;29;Serdang Bedagai;28;Samosir
946;29;30;65483,85409590000;65,48385409590;29;Serdang Bedagai;30;Simalungun
947;29;1;85466,57253840000;85,46657253840;29;Serdang Bedagai;1;Asahan
948;29;3;102344,07002300000;102,34407002300;29;Serdang Bedagai;3;Dairi
949;29;12;44091,94969980000;44,09194969980;29;Serdang Bedagai;12;Kota Pematang Siantar
950;29;14;95470,73493550000;95,47073493550;29;Serdang Bedagai;14;Kota Tanjung Balai
951;29;7;85898,77799020000;85,89877799020;29;Serdang Bedagai;7;Karo
952;29;2;51489,32148820000;51,48932148820;29;Serdang Bedagai;2;Batu Bara
953;29;15;14255,16830120000;14,25516830120;29;Serdang Bedagai;15;Kota Tebing Tinggi
954;29;5;28066,97306010000;28,06697306010;29;Serdang Bedagai;5;Deli Serdang
955;29;8;65815,04323380000;65,81504323380;29;Serdang Bedagai;8;Kota Binjai
956;29;10;47726,85671050000;47,72685671050;29;Serdang Bedagai;10;Kota Medan
957;29;19;98001,65135440000;98,00165135440;29;Serdang Bedagai;19;Langkat
958;30;23;262589,52979600000;262,58952979600;30;Simalungun;23;Nias Selatan
959;30;20;223272,00716100000;223,27200716100;30;Simalungun;20;Mandailing Natal
960;30;22;258041,10256400000;258,04110256400;30;Simalungun;22;Nias Barat
961;30;21;238760,74621600000;238,76074621600;30;Simalungun;21;Nias
962;30;25;200488,80881100000;200,48880881100;30;Simalungun;25;Padang Lawas
963;30;24;247660,81437100000;247,66081437100;30;Simalungun;24;Nias Utara
964;30;9;230834,11530100000;230,83411530100;30;Simalungun;9;Kota Gunungsitoli
965;30;31;153557,86946800000;153,55786946800;30;Simalungun;31;Tapanuli Selatan
966;30;11;153826,87551600000;153,82687551600;30;Simalungun;11;Kota Padangsidimpuan
967;30;26;151886,43194300000;151,88643194300;30;Simalungun;26;Padang Lawas Utara
968;30;13;117206,45542000000;117,20645542000;30;Simalungun;13;Kota Sibolga
969;30;17;158151,89840200000;158,15189840200;30;Simalungun;17;Labuhan Batu Selatan
970;30;32;102662,35793700000;102,66235793700;30;Simalungun;32;Tapanuli Tengah
971;30;33;86168,11515990000;86,16811515990;30;Simalungun;33;Tapanuli Utara
972;30;6;76391,52566840000;76,39152566840;30;Simalungun;6;Humbang Hasundutan
973;30;16;124369,40774900000;124,36940774900;30;Simalungun;16;Labuhan Batu
974;30;4;37594,98584880000;37,59498584880;30;Simalungun;4;Danau Toba
975;30;34;49155,95160880000;49,15595160880;30;Simalungun;34;Toba Samosir
976;30;18;87882,41596450000;87,88241596450;30;Simalungun;18;Labuhan Batu Utara
977;30;27;92954,36372780000;92,95436372780;30;Simalungun;27;Pakpak Bharat
978;30;28;32878,56333410000;32,87856333410;30;Simalungun;28;Samosir
979;30;1;57635,91597850000;57,63591597850;30;Simalungun;1;Asahan
980;30;3;87309,02584220000;87,30902584220;30;Simalungun;3;Dairi
981;30;12;21495,39091820000;21,49539091820;30;Simalungun;12;Kota Pematang Siantar
982;30;14;85667,17584710000;85,66717584710;30;Simalungun;14;Kota Tanjung Balai
983;30;7;92321,88045340000;92,32188045340;30;Simalungun;7;Karo
984;30;2;70128,97356920000;70,12897356920;30;Simalungun;2;Batu Bara
985;30;29;65483,85409590000;65,48385409590;30;Simalungun;29;Serdang Bedagai
986;30;15;63017,41706110000;63,01741706110;30;Simalungun;15;Kota Tebing Tinggi
987;30;5;85708,70711870000;85,70870711870;30;Simalungun;5;Deli Serdang
988;30;8;110987,96461500000;110,98796461500;30;Simalungun;8;Kota Binjai
989;30;10;100465,70252600000;100,46570252600;30;Simalungun;10;Kota Medan
990;30;19;138928,10921600000;138,92810921600;30;Simalungun;19;Langkat
991;31;23;172870,50842700000;172,87050842700;31;Tapanuli Selatan;23;Nias Selatan
992;31;20;70807,12553440000;70,80712553440;31;Tapanuli Selatan;20;Mandailing Natal
993;31;22;191036,71124600000;191,03671124600;31;Tapanuli Selatan;22;Nias Barat
994;31;21;165145,43923200000;165,14543923200;31;Tapanuli Selatan;21;Nias
995;31;25;78889,85126020000;78,88985126020;31;Tapanuli Selatan;25;Padang Lawas
996;31;24;202815,32042500000;202,81532042500;31;Tapanuli Selatan;24;Nias Utara
997;31;9;183881,46625900000;183,88146625900;31;Tapanuli Selatan;9;Kota Gunungsitoli
998;31;11;11499,18496900000;11,49918496900;31;Tapanuli Selatan;11;Kota Padangsidimpuan
999;31;26;68349,48282190000;68,34948282190;31;Tapanuli Selatan;26;Padang Lawas Utara
1000;31;13;58566,97642520000;58,56697642520;31;Tapanuli Selatan;13;Kota Sibolga
1001;31;17;117227,57716600000;117,22757716600;31;Tapanuli Selatan;17;Labuhan Batu Selatan
1002;31;32;90624,25272190000;90,62425272190;31;Tapanuli Selatan;32;Tapanuli Tengah
1003;31;33;67823,21437520000;67,82321437520;31;Tapanuli Selatan;33;Tapanuli Utara
1004;31;6;118817,33677100000;118,81733677100;31;Tapanuli Selatan;6;Humbang Hasundutan
1005;31;16;138902,66870200000;138,90266870200;31;Tapanuli Selatan;16;Labuhan Batu
1006;31;4;117548,80282900000;117,54880282900;31;Tapanuli Selatan;4;Danau Toba
1007;31;34;110349,22888300000;110,34922888300;31;Tapanuli Selatan;34;Toba Samosir
1008;31;18;130022,81030600000;130,02281030600;31;Tapanuli Selatan;18;Labuhan Batu Utara
1009;31;27;166026,89075500000;166,02689075500;31;Tapanuli Selatan;27;Pakpak Bharat
1010;31;28;138308,63174800000;138,30863174800;31;Tapanuli Selatan;28;Samosir
1011;31;30;153557,86946800000;153,55786946800;31;Tapanuli Selatan;30;Simalungun
1012;31;1;162788,63182300000;162,78863182300;31;Tapanuli Selatan;1;Asahan
1013;31;3;190380,70414400000;190,38070414400;31;Tapanuli Selatan;3;Dairi
1014;31;12;174858,86725700000;174,85886725700;31;Tapanuli Selatan;12;Kota Pematang Siantar
1015;31;14;187561,87317000000;187,56187317000;31;Tapanuli Selatan;14;Kota Tanjung Balai
1016;31;7;215446,55667100000;215,44655667100;31;Tapanuli Selatan;7;Karo
1017;31;2;207090,07459900000;207,09007459900;31;Tapanuli Selatan;2;Batu Bara
1018;31;29;218950,10218900000;218,95010218900;31;Tapanuli Selatan;29;Serdang Bedagai
1019;31;15;214800,87886800000;214,80087886800;31;Tapanuli Selatan;15;Kota Tebing Tinggi
1020;31;5;238196,87476700000;238,19687476700;31;Tapanuli Selatan;5;Deli Serdang
1021;31;8;256471,99947200000;256,47199947200;31;Tapanuli Selatan;8;Kota Binjai
1022;31;10;250526,45349500000;250,52645349500;31;Tapanuli Selatan;10;Kota Medan
1023;31;19;278088,28598900000;278,08828598900;31;Tapanuli Selatan;19;Langkat
1024;32;23;160396,62092900000;160,39662092900;32;Tapanuli Tengah;23;Nias Selatan
1025;32;20;156696,56679000000;156,69656679000;32;Tapanuli Tengah;20;Mandailing Natal
1026;32;22;159447,54085300000;159,44754085300;32;Tapanuli Tengah;22;Nias Barat
1027;32;21;138114,11105000000;138,11411105000;32;Tapanuli Tengah;21;Nias
1028;32;25;165708,95791700000;165,70895791700;32;Tapanuli Tengah;25;Padang Lawas
1029;32;24;155321,34535100000;155,32134535100;32;Tapanuli Tengah;24;Nias Utara
1030;32;9;136791,73108200000;136,79173108200;32;Tapanuli Tengah;9;Kota Gunungsitoli
1031;32;31;90624,25272190000;90,62425272190;32;Tapanuli Tengah;31;Tapanuli Selatan
1032;32;11;98327,14180490000;98,32714180490;32;Tapanuli Tengah;11;Kota Padangsidimpuan
1033;32;26;135277,72728200000;135,27772728200;32;Tapanuli Tengah;26;Padang Lawas Utara
1034;32;13;32182,46426530000;32,18246426530;32;Tapanuli Tengah;13;Kota Sibolga
1035;32;17;171169,60559000000;171,16960559000;32;Tapanuli Tengah;17;Labuhan Batu Selatan
1036;32;33;52806,09549030000;52,80609549030;32;Tapanuli Tengah;33;Tapanuli Utara
1037;32;6;34548,13423830000;34,54813423830;32;Tapanuli Tengah;6;Humbang Hasundutan
1038;32;16;166170,47440600000;166,17047440600;32;Tapanuli Tengah;16;Labuhan Batu
1039;32;4;68617,60067620000;68,61760067620;32;Tapanuli Tengah;4;Danau Toba
1040;32;34;87635,71522610000;87,63571522610;32;Tapanuli Tengah;34;Toba Samosir
1041;32;18;138032,20947600000;138,03220947600;32;Tapanuli Tengah;18;Labuhan Batu Utara
1042;32;27;76747,32599010000;76,74732599010;32;Tapanuli Tengah;27;Pakpak Bharat
1043;32;28;73231,63420070000;73,23163420070;32;Tapanuli Tengah;28;Samosir
1044;32;30;102662,35793700000;102,66235793700;32;Tapanuli Tengah;30;Simalungun
1045;32;1;142772,16067500000;142,77216067500;32;Tapanuli Tengah;1;Asahan
1046;32;3;104388,71809200000;104,38871809200;32;Tapanuli Tengah;3;Dairi
1047;32;12;122273,95640600000;122,27395640600;32;Tapanuli Tengah;12;Kota Pematang Siantar
1048;32;14;173527,67586400000;173,52767586400;32;Tapanuli Tengah;14;Kota Tanjung Balai
1049;32;7;132664,40762400000;132,66440762400;32;Tapanuli Tengah;7;Karo
1050;32;2;171664,00607100000;171,66400607100;32;Tapanuli Tengah;2;Batu Bara
1051;32;29;162287,80461800000;162,28780461800;32;Tapanuli Tengah;29;Serdang Bedagai
1052;32;15;163632,09421400000;163,63209421400;32;Tapanuli Tengah;15;Kota Tebing Tinggi
1053;32;5;173489,66644700000;173,48966644700;32;Tapanuli Tengah;5;Deli Serdang
1054;32;8;181717,66486900000;181,71766486900;32;Tapanuli Tengah;8;Kota Binjai
1055;32;10;180815,82982300000;180,81582982300;32;Tapanuli Tengah;10;Kota Medan
1056;32;19;197927,89108200000;197,92789108200;32;Tapanuli Tengah;19;Langkat
1057;33;23;198508,03426800000;198,50803426800;33;Tapanuli Utara;23;Nias Selatan
1058;33;20;138347,02068800000;138,34702068800;33;Tapanuli Utara;20;Mandailing Natal
1059;33;22;204410,70595800000;204,41070595800;33;Tapanuli Utara;22;Nias Barat
1060;33;21;180837,19586300000;180,83719586300;33;Tapanuli Utara;21;Nias
1061;33;25;127334,54466100000;127,33454466100;33;Tapanuli Utara;25;Padang Lawas
1062;33;24;204757,87975800000;204,75787975800;33;Tapanuli Utara;24;Nias Utara
1063;33;9;185747,51463000000;185,74751463000;33;Tapanuli Utara;9;Kota Gunungsitoli
1064;33;31;67823,21437520000;67,82321437520;33;Tapanuli Utara;31;Tapanuli Selatan
1065;33;11;69586,07447350000;69,58607447350;33;Tapanuli Utara;11;Kota Padangsidimpuan
1066;33;26;88035,38770210000;88,03538770210;33;Tapanuli Utara;26;Padang Lawas Utara
1067;33;13;41661,17640090000;41,66117640090;33;Tapanuli Utara;13;Kota Sibolga
1068;33;17;119110,73456100000;119,11073456100;33;Tapanuli Utara;17;Labuhan Batu Selatan
1069;33;32;52806,09549030000;52,80609549030;33;Tapanuli Utara;32;Tapanuli Tengah
1070;33;6;63492,06993330000;63,49206993330;33;Tapanuli Utara;6;Humbang Hasundutan
1071;33;16;114248,50204900000;114,24850204900;33;Tapanuli Utara;16;Labuhan Batu
1072;33;4;49726,98331930000;49,72698331930;33;Tapanuli Utara;4;Danau Toba
1073;33;34;48276,24569560000;48,27624569560;33;Tapanuli Utara;34;Toba Samosir
1074;33;18;89102,49955160000;89,10249955160;33;Tapanuli Utara;18;Labuhan Batu Utara
1075;33;27;111388,85741900000;111,38885741900;33;Tapanuli Utara;27;Pakpak Bharat
1076;33;28;71368,09920630000;71,36809920630;33;Tapanuli Utara;28;Samosir
1077;33;30;86168,11515990000;86,16811515990;33;Tapanuli Utara;30;Simalungun
1078;33;1;105746,93687000000;105,74693687000;33;Tapanuli Utara;1;Asahan
1079;33;3;129953,04497600000;129,95304497600;33;Tapanuli Utara;3;Dairi
1080;33;12;107612,37305800000;107,61237305800;33;Tapanuli Utara;12;Kota Pematang Siantar
1081;33;14;134604,52345500000;134,60452345500;33;Tapanuli Utara;14;Kota Tanjung Balai
1082;33;7;151819,22369800000;151,81922369800;33;Tapanuli Utara;7;Karo
1083;33;2;144904,10760800000;144,90410760800;33;Tapanuli Utara;2;Batu Bara
1084;33;29;151651,75630400000;151,65175630400;33;Tapanuli Utara;29;Serdang Bedagai
1085;33;15;148340,32630800000;148,34032630800;33;Tapanuli Utara;15;Kota Tebing Tinggi
1086;33;5;170382,96964100000;170,38296964100;33;Tapanuli Utara;5;Deli Serdang
1087;33;8;189368,93351900000;189,36893351900;33;Tapanuli Utara;8;Kota Binjai
1088;33;10;182816,93128700000;182,81693128700;33;Tapanuli Utara;10;Kota Medan
1089;33;19;212311,63737600000;212,31163737600;33;Tapanuli Utara;19;Langkat
1090;34;23;244039,35346200000;244,03935346200;34;Toba Samosir;23;Nias Selatan
1091;34;20;177840,83180000000;177,84083180000;34;Toba Samosir;20;Mandailing Natal
1092;34;22;246552,45994700000;246,55245994700;34;Toba Samosir;22;Nias Barat
1093;34;21;224249,44821900000;224,24944821900;34;Toba Samosir;21;Nias
1094;34;25;151417,17852300000;151,41717852300;34;Toba Samosir;25;Padang Lawas
1095;34;24;242770,26397700000;242,77026397700;34;Toba Samosir;24;Nias Utara
1096;34;9;224372,44543300000;224,37244543300;34;Toba Samosir;9;Kota Gunungsitoli
1097;34;31;110349,22888300000;110,34922888300;34;Toba Samosir;31;Tapanuli Selatan
1098;34;11;108715,77126800000;108,71577126800;34;Toba Samosir;11;Kota Padangsidimpuan
1099;34;26;102780,03041900000;102,78003041900;34;Toba Samosir;26;Padang Lawas Utara
1100;34;13;88249,05496320000;88,24905496320;34;Toba Samosir;13;Kota Sibolga
1101;34;17;113386,82796800000;113,38682796800;34;Toba Samosir;17;Labuhan Batu Selatan
1102;34;32;87635,71522610000;87,63571522610;34;Toba Samosir;32;Tapanuli Tengah
1103;34;33;48276,24569560000;48,27624569560;34;Toba Samosir;33;Tapanuli Utara
1104;34;6;77853,93384170000;77,85393384170;34;Toba Samosir;6;Humbang Hasundutan
1105;34;16;88785,99494040000;88,78599494040;34;Toba Samosir;16;Labuhan Batu
1106;34;4;30473,97489550000;30,47397489550;34;Toba Samosir;4;Danau Toba
1107;34;18;54579,43483700000;54,57943483700;34;Toba Samosir;18;Labuhan Batu Utara
1108;34;27;115421,12114500000;115,42112114500;34;Toba Samosir;27;Pakpak Bharat
1109;34;28;54450,76696390000;54,45076696390;34;Toba Samosir;28;Samosir
1110;34;30;49155,95160880000;49,15595160880;34;Toba Samosir;30;Simalungun
1111;34;1;57793,59006740000;57,79359006740;34;Toba Samosir;1;Asahan
1112;34;3;122107,60813500000;122,10760813500;34;Toba Samosir;3;Dairi
1113;34;12;68345,38953690000;68,34538953690;34;Toba Samosir;12;Kota Pematang Siantar
1114;34;14;87510,54783450000;87,51054783450;34;Toba Samosir;14;Kota Tanjung Balai
1115;34;7;135232,96489100000;135,23296489100;34;Toba Samosir;7;Karo
1116;34;2;97392,84511210000;97,39284511210;34;Toba Samosir;2;Batu Bara
1117;34;29;111455,11236700000;111,45511236700;34;Toba Samosir;29;Serdang Bedagai
1118;34;15;105546,14017300000;105,54614017300;34;Toba Samosir;15;Kota Tebing Tinggi
1119;34;5;134130,12031300000;134,13012031300;34;Toba Samosir;5;Deli Serdang
1120;34;8;160012,72762200000;160,01272762200;34;Toba Samosir;8;Kota Binjai
1121;34;10;149530,13143700000;149,53013143700;34;Toba Samosir;10;Kota Medan
1122;34;19;187233,28783000000;187,23328783000;34;Toba Samosir;19;Langkat
